customer_id,archetype,spend_tier,total_gap_inr,utilisation_pct,top_cause,diagnosis_text
C34102,Digital Affluent,Underused,71878,0,friction,"The member has accumulated a total benefit gap of INR 71,878, driven primarily by friction amounting to INR 47,900 and timing factors contributing INR 12,078. This underutilization stems from operational hurdles in accessing specific perks, most notably the Fine Hotels & Resorts Credit. To address this, Platinum 365 deploys targeted interventions including Tab 3B RESIZE 50% combined with L2.1 Value Ledger surfaces and timing alerts to streamline redemption. Consequently, the member unlocks recovering value across high-propensity benefits like Unlimited Lounge Access, aligning card usage with their Digital Affluent profile."
C11671,Business Owner,Milestone,36653,0,timing,"Member C11671 exhibits a total benefit gap of INR 36653, primarily driven by timing factors accounting for INR 27424 of unrealised value. This underutilisation stems from calendar misalignment rather than lack of engagement, as evidenced by an annual spend of INR 2085189 and achieved milestone status. Platinum 365 addresses this through targeted interventions like Tab 3B RESIZE 50% combined with L2.1 Value Ledger alerts to systematically capture missed credits. Execution of these recommended nudges will recover up to INR 14610 in Fine Hotels & Resorts value, bridging the gap and optimising total card returns."
C00607,Dormant Premium,Underused,70728,0,friction,"This dormant 25-month member has accumulated a total benefit gap of INR 70,728 on an annual spend of INR 539,480. The primary root cause is friction accounting for INR 47,900 of the uncaptured value, alongside timing-related gaps of INR 9,304. Platinum 365 addresses this through targeted resizing and the L2.1 Value Ledger to surface entitlements like the Fine Hotels & Resorts Credit. This intervention recovers expected value while re-engaging the account toward key milestone attainment."
C38429,Global Traveller,Core,52754,0,timing,"The portfolio review reveals a total benefit gap of INR 52,754, driven primarily by timing losses of INR 33,580 and awareness deficits of INR 10,700. This underutilization stems from structural friction where entitlements remain invisible and milestone cliffs impede progress. Platinum 365 addresses this through the Value Ledger and Progressive Milestone Ladder to make benefits transparent and achievable. Consequently, the member captures unutilized value while accelerating toward key experiential milestones."
C07698,Domestic Executive,Core,49752,0,timing,"Cardmember C07698 is currently experiencing a total benefit gap of INR 49752, driven primarily by INR 33704 in timing-related delays. This underutilization stems from missed strategic windows rather than a lack of product fit, as evidenced by a high propensity for Unlimited Lounge Access at 0.866. Platinum 365 addresses this through targeted interventions like Tab 3B RESIZE 50% and L2.1 Value Ledger alerts to surface the Fine Hotels & Resorts Credit and Hotel Elite Status. Consequently, the member will recover expected value and optimize their annual spend of INR 1476756 across core relationship milestones."
C34145,Digital Affluent,Underused,53826,0,timing,"Member C34145 has accumulated a total benefit gap of INR 53,826 against an annual spend of INR 765,391, with zero utilisation across current offerings. This under-utilisation is primarily driven by timing issues accounting for INR 38,301, alongside awareness and irrelevance gaps of INR 6,000 and INR 5,488 respectively. Platinum 365 addresses this through the L2.1 Value Ledger to surface credits and make entitlements visible, paired with the L2.2 Progressive Milestone Ladder to replace the annual cliff. These interventions recover missed value and align card usage with the member's digital affluent profile."
C35718,Digital Affluent,Milestone,66046,0,friction,"Cardmember C35718 is currently leaving INR 66,046 on the table, primarily driven by procedural friction accounting for INR 47,900 of the total gap. Platinum 365 addresses this through Tab 3B RESIZE 50% combined with the L2.1 Value Ledger to surface untapped benefits like the Fine Hotels & Resorts Credit. This intervention recovers lost value and ensures the digital affluent member fully captures their entitled rewards."
C17109,Domestic Executive,Milestone,68112,0,friction,"Member C17109 is currently leaving a total benefit gap of INR 68,112 unutilised, with the largest deficit driven by friction amounting to INR 47,900. This under-utilisation stems primarily from process hurdles in accessing the Fine Hotels & Resorts Credit, which accounts for INR 20,380 in expected recovery. To resolve this, Platinum 365 deploys Tab 3B RESIZE 50% combined with the L2.1 Value Ledger to surface the credit and streamline redemption. This intervention secures a net value recovery of INR 16,926, bridging the engagement divide for this milestone tier executive."
C07098,Digital Affluent,Underused,74328,0,irrelevance,"Cardmember C07098 is experiencing a total benefit gap of INR 74,328, primarily driven by irrelevance at INR 61,528, alongside timing gaps of INR 7,000 and friction gaps of INR 3,600 over 14 months of tenure. This underutilization stems from a mismatch with current offerings, as seen in the gap breakdown and an attainment status of false for milestones. The Platinum 365 framework addresses this through targeted interventions like the progressive milestone ladder for timing and culinary access to remove friction, recovering expected values of INR 429 and INR 290 respectively. Consequently, the member will unlock optimized value across top-propensity benefits like unlimited lounge access, bridging their unused spend tier of INR 669,464."
C38270,Dormant Premium,Underused,80800,0,friction,"This Dormant Premium member with 17 months of tenure demonstrates an annual spend of INR 300,425 and a total benefit gap of INR 80,800, driven primarily by friction amounting to INR 47,900 alongside awareness and irrelevance gaps. Platinum 365 addresses this through the L2.1 Value Ledger and Tab 3B RESIZE 50% to surface hidden credits and entitlements, targeting high-propensity benefits like Unlimited Lounge Access and Hotel Elite Status. Consequently, this intervention recovers projected value across key lifestyle privileges, unlocking untapped card utility and bridging the member's financial shortfall."
C14809,Domestic Executive,Core,59200,0,timing,"The portfolio review indicates a total benefit gap of INR 59,200, primarily driven by timing gaps amounting to INR 37,900 and awareness gaps of INR 10,500. This underutilization stems from misaligned redemption windows and a lack of visibility into available entitlements rather than structural card barriers. Platinum 365 addresses this through the L2.1 Value Ledger and Tab 3B resizing mechanics to surface overlooked credits like the Fine Hotels & Resorts Credit. Consequently, the member will recover INR 13,477 in expected value from that benefit alone, optimizing their annual spend and bridging the current realization deficit."
C24686,Digital Affluent,Milestone,41244,0,timing,"The portfolio review indicates a total benefit gap of Rs.41244, primarily driven by timing issues accounting for Rs.25744.0 of unutilized value. This underutilization stems from a lack of synchronized scheduling with upcoming lifestyle expenditures, notably regarding the Fine Hotels & Resorts Credit and Unlimited Lounge Access. Platinum 365 addresses this through automated L2.1 Value Ledger alerts and L2.2 Ladder rungs to surface entitlements proactively. Consequently, the member will recover expected value of Rs.6218 and Rs.2512 respectively, closing the timing gap and optimizing their Milestone spend tier rewards."
C27528,Global Traveller,Whale,47898,0,timing,"Member C27528 is experiencing a total benefit gap of INR 47,898, driven primarily by timing constraints accounting for INR 31,158. Platinum 365 addresses this through L2.1 Value Ledger alerts and L2.2 Ladder rungs to streamline redemption windows. This intervention recovers high-propensity value like Unlimited Lounge Access and Taj Epicure discounts, optimizing the member's annual spend of INR 6,113,304."
C10019,Business Owner,High,37489,0,timing,"This Business Owner with an annual spend of INR 2,706,335 is experiencing a total benefit gap of INR 37,489, driven primarily by timing gaps amounting to INR 25,210. The root cause stems from unaligned utilization intervals rather than feature irrelevance, as evidenced by high propensity for Unlimited Lounge Access at 0.973 and Hotel Elite Status at 0.854. Platinum 365 deploys Value Ledger alerts and ladder rungs to synchronize activation points with high-propensity travel windows. This targeted intervention recovers missing value and ensures full realization of annual entitlements without altering core spend behavior."
C12600,Domestic Executive,Milestone,61806,0,friction,"Cardmember C12600 is currently leaving a total benefit gap of INR 61,806 on the table despite achieving milestone status on their account. This underutilization is primarily driven by operational friction accounting for INR 47,900 of the uncaptured value, alongside minor timing and awareness constraints. Platinum 365 addresses this directly through Tab 3B RESIZE 50% combined with L2.1 Value Ledger surfacing, which targets the primary friction points to recover value. This intervention secures an expected recovery of INR 26,584 for the Fine Hotels & Resorts Credit alone, delivering a net value of INR 22,093 back to the member."
C13648,Digital Affluent,Core,69608,0,friction,"Cardmember C13648 is currently facing a total benefit gap of INR 69,608, driven primarily by friction accounting for INR 47,900 of missed value. This underutilization stems largely from booking hurdles with the Fine Hotels & Resorts Credit, which Platinum 365 addresses directly through Tab 3B RESIZE 50% combined with L2.1 Value Ledger surface integration. Implementing this design response will recover INR 12,632 in expected value, unlocking an anticipated net benefit of INR 10,472 for the member."
C39741,Global Traveller,Milestone,50570,0,timing,"Cardmember C39741 is currently leaving INR 50570 on the table in unrealised benefits despite maintaining an annual spend of INR 1719876. This under-utilisation is primarily driven by timing issues accounting for INR 36845 of the shortfall, alongside smaller awareness and structural gaps. To address this, Platinum 365 deploys Value Ledger alerts and ladder rungs to align entitlements with optimal redemption windows. This intervention recovers high-propensity privileges like Unlimited Lounge Access, ensuring the member captures the full value of their card membership."
C08627,Domestic Executive,Milestone,63715,0,friction,"The member currently absorbs a total benefit gap of INR 63,715, driven primarily by operational friction accounting for INR 44,300 alongside timing considerations of INR 5,528. This underutilization stems from procedural hurdles in accessing specific credits rather than a lack of card engagement, as evidenced by an annual spend of INR 1,676,300 across 117 months of tenure. Platinum 365 addresses this through the Tab 3B RESIZE 50% feature and L2.1 Value Ledger to surface the Fine Hotels & Resorts Credit, alongside L2.1 alerts and L2.2 Ladder rungs to streamline Unlimited Lounge Access. This intervention recovers INR 18,999 from the friction gap and secures an expected recovery of INR 2,853 for lounge access, optimizing net value realization for the milestone tier."
C00453,Domestic Executive,Core,71635,0,friction,"This Domestic Executive has left a total benefit gap of INR 71,635 against their annual spend of INR 1,314,093. The primary root cause is friction accounting for INR 47,900 of the shortfall, alongside awareness and timing gaps. Platinum 365 addresses this by deploying Tab 3B RESIZE 50% and the L2.1 Value Ledger to surface credits and make entitlements visible. This intervention resolves the friction and awareness barriers to recover value and optimize card utilization."
C13842,Digital Affluent,Core,48676,0,irrelevance,"Member C13842 has incurred a total benefit gap of Rs. 48,676, driven primarily by irrelevance of Rs. 27,892 and timing friction of Rs. 12,984. Platinum 365 addresses this through L2.1 Value Ledger alerts and L2.2 Ladder rungs designed to recover Rs. 3,795 on Unlimited Lounge Access. This intervention bridges the utilization deficit and captures untapped value to optimize the 1,037,301 INR annual spend portfolio."
C24532,Domestic Executive,Milestone,52347,0,timing,"Member C24532 carries a total benefit gap of Rs. 52347, driven primarily by timing at Rs. 34367.0, along with irrelevance at Rs. 9680.0 and awareness at Rs. 4700.0. This underutilization stems from a zero percent benefit utilization rate despite achieving milestone status within their 21-month tenure. Platinum 365 addresses this through targeted interventions like Tab 3B RESIZE 50% combined with L2.1 Value Ledger surfaces to recover the Fine Hotels & Resorts Credit. This realignment ensures the member captures anticipated recovery values across high-propensity offerings such as Unlimited Lounge Access and Renewal Vouchers at Rs. 20L."
C38940,Domestic Executive,High,68700,0,friction,"Cardmember C38940 is currently experiencing a total benefit gap of INR 68,700, driven primarily by operational friction accounting for INR 44,300 of the unutilized value. This underutilization stems from booking complexities that prevent the cardmember from claiming key entitlements despite maintaining a high annual spend of INR 2,732,578 and attaining milestone status. Platinum 365 resolves this through Tab 3B RESIZE 50% and the L2.1 Value Ledger to surface the Fine Hotels & Resorts Credit, recovering INR 22,228 in expected value. This targeted intervention ensures the cardmember captures INR 18,465 in net value, directly eliminating the friction that restricted their luxury lifestyle benefits."
C37277,Domestic Executive,High,45424,0,timing,"Member C37277 is experiencing a total benefit gap of INR 45,424, driven primarily by timing gaps of INR 22,372 and awareness gaps of INR 10,700. Platinum 365 addresses this through the L2.1 Value Ledger and targeted resizing protocols that surface overlooked entitlements like the Fine Hotels & Resorts Credit and Hotel Elite Status. This intervention will recover expected value across key lifestyle privileges, optimizing the member's annual spend of INR 2,468,511."
C24816,Global Traveller,Whale,33789,0,timing,"Cardmember C24816 currently carries a total benefit gap of Rs. 33,789, primarily driven by timing issues contributing Rs. 21,393 to the unutilised value. Platinum 365 addresses this through automated Value Ledger alerts and ladder rungs to systematically capture missed entitlements like Unlimited Lounge Access and Hotel Elite Status. This intervention recovers up to Rs. 4,246 across these specific timing-related benefits, directly reducing portfolio leakage."
C15307,Global Traveller,High,44006,0,timing,"The member exhibits a total benefit gap of INR 44,006, driven primarily by timing constraints accounting for INR 35,298.0 of the unrealised value. This underutilisation stems from delayed benefit activation cycles rather than product misalignment or redemption friction. Platinum 365 addresses this through L2.1 Value Ledger alerts and L2.2 Ladder rungs to realign timing windows with travel patterns. Consequently, the member captures projected recoveries such as INR 4,113 from Hotel Elite Status and INR 2,032 from Unlimited Lounge Access, unlocking the full value of their tier."
C17864,Digital Affluent,Milestone,66200,0,friction,"Member C17864 is currently experiencing a total benefit gap of INR 66,200 against an annual spend of INR 1,906,864, with friction accounting for INR 47,900 of this shortfall. The underutilization is primarily driven by operational friction and low awareness rather than a lack of product fit. Platinum 365 addresses this through targeted interventions including Tab 3B RESIZE and the L2.1 Value Ledger to surface entitlements and streamline redemption. Consequently, these measures recover unutilized value and accelerate progression toward the Renewal Vouchers @ Rs.20L milestone."
C36800,Domestic Executive,Milestone,47733,0,timing,"Cardmember C36800 carries a total benefit gap of INR 47733, primarily driven by INR 36933 in timing-related delays. This under-utilisation stems from missed calendar activations across benefits like the Fine Hotels & Resorts Credit. Platinum 365 addresses this through the L2.1 Value Ledger surface and targeted Tab 3B RESIZE interventions to capture immediate value. Consequently, the member recovers unrealised entitlements and accelerates toward the renewal voucher milestone at Rs.20L."
C28086,Domestic Executive,Milestone,71383,0,friction,"This Domestic Executive member has accumulated an untapped total benefit gap of INR 71,383, primarily driven by operational friction accounting for INR 47,900 of the shortfall. Platinum 365 addresses this through the Tab 3B RESIZE 50% mechanism and the L2.1 Value Ledger, which actively surfaces the Fine Hotels & Resorts Credit to streamline utilization. Deploying these targeted interventions will recover expected value and secure unexploited entitlements like Unlimited Lounge Access and Hotel Elite Status."
C10577,Global Traveller,Whale,54972,0,timing,"This Whale cardmember with 69 months of tenure exhibits a total benefit gap of Rs.54,972 against an annual spend of Rs.4,416,197, driven primarily by timing at Rs.39,020, alongside irrelevance at Rs.10,152 and friction at Rs.3,600. The underutilization stems from timing misalignment on Hotel Elite Status and Taj Epicure perks, compounded by enrollment friction on Dining Perks. Platinum 365 addresses this through L2.1 Value Ledger alerts, L2.2 Ladder rungs, and M2 Culinary Access to streamline redemption pathways. Implementing these targeted interventions will recover expected value across high-propensity benefits like Hotel Elite Status and Renewal Vouchers @ Rs.20L, optimizing the member's overall rewards yield."
C11717,Global Traveller,Core,56065,0,timing,"This Global Traveller leaves a total benefit gap of INR 56,065, driven primarily by timing factors accounting for INR 36,197 of unrealized value alongside INR 4,700 in awareness deficits. Platinum 365 addresses these friction points through the L2.1 Value Ledger and L2.2 Ladder rungs to surface entitlements and align them with the member's habits. This intervention recovers targeted value across key travel perks to optimize card utilisation and secure the missed milestone benefits."
C21526,Domestic Executive,Milestone,67368,0,friction,"The member currently carries a total benefit gap of INR 67,368, primarily driven by friction amounting to INR 47,900 and awareness deficits of INR 10,700. Platinum 365 addresses these barriers through Tab 3B RESIZE 50% combined with the L2.1 Value Ledger to surface the Fine Hotels & Resorts credit and make hotel elite status entitlements visible. This targeted intervention resolves the underlying operational hurdles, enabling the member to capture maximum value from their domestic executive spend profile."
C12583,Digital Affluent,Core,77754,0,friction,"Member C12583 is currently experiencing a total benefit gap of INR 77,754, driven primarily by operational friction accounting for INR 44,300 and awareness deficits at INR 18,700. This underutilization stems from booking hurdles in the Fine Hotels & Resorts Credit and a lack of visibility regarding entitlements such as Unlimited Lounge Access and Hotel Elite Status. Platinum 365 addresses this through targeted UI interventions, specifically Tab 3B RESIZE 50% and the L2.1 Value Ledger, which surface these credits and make entitlements visible. Implementation of these nudges will recover an expected INR 13,504 for the Fine Hotels & Resorts Credit and INR 6,200 for Unlimited Lounge Access, unlocking a net value of INR 11,198 and INR 5,530 respectively."
C24162,Global Traveller,Core,58710,0,timing,"Member C24162 is currently leaving INR 58,710 in total benefits on the table against an annual spend of INR 1,342,860, driven primarily by timing gaps of INR 48,721 alongside minor friction of INR 3,600 and irrelevance of INR 3,000. This underutilization stems from misaligned benefit cycles and enrolment hurdles, which the Platinum 365 framework addresses directly through Value Ledger alerts, ladder rungs, and the removal of dining enrolment gates. Implementing these targeted interventions will recover INR 5,443 in expected value and position the member to capture high-propensity offerings like Unlimited Lounge Access and Hotel Elite Status."
C04736,Digital Affluent,Underused,63526,0,timing,"Cardmember C04736 is currently experiencing a total benefit gap of INR 63,526, driven primarily by timing shortfalls of INR 39,250 and awareness deficits of INR 10,700. This underutilization stems from misaligned booking cycles and a lack of visibility into active entitlements, particularly regarding the Fine Hotels & Resorts Credit and Hotel Elite Status. Platinum 365 resolves these friction points through targeted interventions such as the L2.1 Value Ledger and Tab 3B resizing, which together surface un-utilized credits and make entitlements visible. Consequently, the cardmember will capture an expected recovery of INR 13,154 from the Fine Hotels & Resorts Credit alone, unlocking net realized value across their portfolio."
C16513,Global Traveller,High,31495,0,timing,"The member leaves a total benefit gap of Rs.31,495, primarily driven by timing factors amounting to Rs.18,195. This underutilization stems from timing misalignments that cause high-propensity privileges like Unlimited Lounge Access and Hotel Elite Status to go unclaimed. Platinum 365 addresses this through Value Ledger alerts and ladder rungs to proactively synchronize usage with the member's travel schedule. Consequently, the member captures full portfolio value without missing time-sensitive entitlements."
C16873,Digital Affluent,High,68662,0,friction,"The portfolio review indicates a total benefit gap of INR 68,662, driven primarily by operational friction accounting for INR 47,900 and awareness deficits at INR 10,700. These unrealized gains persist because processing barriers and invisible entitlements prevent the member from claiming high-propensity rewards like the Renewal Vouchers at Rs.20L and Unlimited Lounge Access. Platinum 365 addresses this directly through the L2.1 Value Ledger and Tab 3B RESIZE, which surface hidden credits and remove friction points. Consequently, the member will recover a projected net value through targeted interventions such as the Fine Hotels & Resorts Credit."
C07727,Domestic Executive,Milestone,66373,0,friction,"Cardmember C07727 is currently leaving a total benefit gap of INR 66,373 on the table, primarily driven by friction amounting to INR 47,900 alongside awareness and timing shortfalls. Platinum 365 addresses this through interface resizing and the L2.1 Value Ledger to surface entitlements like the Fine Hotels & Resorts Credit and Hotel Elite Status. Implementing these targeted interventions will recover an expected INR 19,784 in value, closing the realization gap as the member approaches upcoming milestone thresholds."
C23347,Global Traveller,High,31930,0,timing,"This Global Traveller member has a total benefit gap of INR 31,930, driven primarily by timing losses of INR 17,034 and awareness gaps of INR 8,200. The underutilization stems from misaligned redemption windows and an incomplete view of available perks, particularly regarding Hotel Elite Status and Taj Epicure. Platinum 365 addresses this through the Value Ledger and ladder rungs to make entitlements visible and trigger timely usage. Consequently, the member will recover up to INR 5,208 in expected value and capture previously missed privileges aligned with their high spend tier."
C37439,Business Owner,Core,44567,0,timing,"This Business Owner member has accumulated a total benefit gap of INR 44,567, driven primarily by timing gaps of INR 29,067 alongside awareness and structural shortfalls. Underutilization stems from misaligned redemption cycles rather than lack of engagement, given their 33-month tenure and INR 1,518,307 annual spend. Platinum 365 deploys targeted interventions such as Value Ledger alerts and milestone ladder rungs to capture high-propensity opportunities like Unlimited Lounge Access and Hotel Elite Status. This design response systematically closes the value deficit, ensuring the member captures previously forfeited entitlements aligned with their core spend tier."
C06229,Domestic Executive,Core,33614,0,timing,"This Domestic Executive member is experiencing a total benefit gap of INR 33,614, primarily driven by timing issues accounting for INR 22,007 of uncaptured value. This underutilization stems from misaligned execution windows rather than awareness deficits, as the member actively maintains a Core spend tier with an annual spend of INR 1,135,584 over 63 months. Platinum 365 addresses this through targeted Value Ledger alerts and resizing protocols designed to surface timing-sensitive entitlements like the Fine Hotels and Resorts Credit. Consequently, the member will recover expected value through structured nudges, optimizing their portfolio returns without altering overall spend habits."
C04414,Business Owner,Milestone,34740,0,timing,"Cardmember C04414 has accumulated a total benefit gap of INR 34,740, primarily driven by timing losses of INR 19,240 alongside awareness and structural shortfalls. This under-utilisation stems from calendar misalignment and a lack of visibility into available perks rather than unwillingness to engage, as evidenced by an annual spend of INR 2,041,717 and attained milestone status. Platinum 365 addresses this through automated Value Ledger alerts and tailored ladder rungs to capture time-sensitive entitlements like Hotel Elite Status and Taj Epicure discounts. Consequently, the member recovers unrealized value, closing the benefit gap and fully optimizing their card potential."
C20214,Digital Affluent,Milestone,41967,0,irrelevance,"This Digital Affluent member has an uncaptured benefit gap of INR 41,967, primarily driven by benefit irrelevance totaling INR 39,375. Platinum 365 addresses these underlying behavioral blockers through the Progressive Milestone Ladder and Value Ledger to make entitlements visible and replace cliff structures. This intervention captures INR 692 in expected recovery, helping unlock higher-propensity rewards like Renewal Vouchers."
C31737,Domestic Executive,Milestone,57250,0,timing,"Cardmember C31737 is experiencing a total benefit gap of Rs. 57,250, driven primarily by timing barriers amounting to Rs. 37,766 and awareness gaps totaling Rs. 13,700. Platinum 365 addresses this through Tab 3B RESIZE 50% and the L2.1 Value Ledger to surface hidden credits and make entitlements visible. This intervention will recover expected value across Fine Hotels & Resorts Credit, Hotel Elite Status, and Taj Epicure 25% Discount."
C12182,Domestic Executive,Milestone,42576,0,timing,"Cardmember C12182 carries a total benefit gap of Rs.42576 against an annual spend of Rs.2128319, driven primarily by a timing deficit of Rs.29576 alongside awareness and structural gaps of Rs.5200 and Rs.4200 respectively. This underutilization stems from misaligned benefit cycles and lack of ledger visibility rather than low product affinity. Platinum 365 addresses this through the Value Ledger and Progressive Milestone Ladder to surface high-propensity rewards like Unlimited Lounge Access and Renewal Vouchers at Rs.20L. This intervention systematically unlocks latent value to maximize card utilization across the member's lifecycle."
C04706,Global Traveller,High,27812,0,timing,"Cardmember C04706 is currently experiencing a total benefit gap of Rs.27812, driven primarily by timing factors amounting to Rs.14812. Platinum 365 addresses this through targeted interventions including L2.1 Value Ledger alerts and L2.2 progressive milestone structures to recover missed value. Implementing these solutions will optimize utilization and capture the cardmember's full portfolio potential."
C20636,Business Owner,Milestone,62840,0,friction,"With an annual spend of INR 1,838,433, the member is leaving a total benefit gap of INR 62,840 on the table, primarily driven by friction accounting for INR 47,900 of the uncaptured value. This underutilization stems from booking hurdles in leveraging the Fine Hotels & Resorts Credit, which Platinum 365 addresses directly through Tab 3B RESIZE 50% combined with L2.1 Value Ledger surfacing. Resolving this friction recovers an expected INR 32,934, closing the distance to renewal vouchers at INR 20L and securing a net value of INR 27,382."
C05351,Digital Affluent,Underused,74808,0,irrelevance,"Cardmember C05351 has accumulated a total benefit gap of INR 74,808, primarily driven by INR 55,800 in irrelevance alongside timing and structural factors. Platinum 365 addresses these friction points through targeted interventions such as Value Ledger alerts and progressive milestone ladders to optimize utilization. Consequently, the member will recover expected value across high-propensity offerings like Unlimited Lounge Access and enhance their overall portfolio engagement."
C30582,Domestic Executive,Milestone,41908,0,irrelevance,"The member leaves a total benefit gap of Rs.41,908 uncaptured, primarily driven by irrelevance at Rs.33,893 alongside timing and friction constraints. Platinum 365 addresses these barriers through structural interventions including the progressive milestone ladder and streamlined culinary access. This recovery framework systematically bridges the unrealized value, ensuring the account fully captures its annual milestone potential."
C11789,Business Owner,High,46064,0,timing,"Cardmember C11789 is currently experiencing a total benefit gap of INR 46064, primarily driven by timing issues accounting for INR 36512.0 of unutilized value. This underutilization stems from a lack of synchronized scheduling with key program windows, notably affecting high-propensity offerings like Hotel Elite Status and Unlimited Lounge Access. To address this, Platinum 365 will deploy L2.1 Value Ledger alerts combined with L2.2 Ladder rungs to align benefit redemption with optimal activation periods. This intervention will systematically recover lost value and ensure the member captures their full portfolio potential moving forward."
C23793,Domestic Executive,Core,39711,0,timing,"The member accumulated a total benefit gap of INR 39,711, driven primarily by timing factors accounting for INR 28,911 alongside structural and friction causes. Platinum 365 addresses this through Value Ledger alerts, ladder rungs, and targeted credit resizing that surface high-propensity privileges like Unlimited Lounge Access. This intervention secures an expected recovery to capture unrealized value and optimize overall card utility."
C28444,Digital Affluent,Core,70683,0,friction,"The member is leaving a total benefit gap of INR 70,683 unutilized against an annual spend of INR 1,146,905. This underutilization is primarily driven by friction accounting for INR 47,900 of the gap, alongside timing constraints of INR 12,975 and irrelevance of INR 9,808. Platinum 365 addresses this through targeted interventions like Tab 3B RESIZE and Value Ledger alerts to systematically remove these redemption hurdles. Consequently, the member recovers high-propensity value while optimizing overall card engagement."
C37522,Domestic Executive,High,44807,0,timing,"Member C37522 exhibits an annual benefit gap of INR 44,807, driven primarily by timing losses of INR 24,586 and awareness gaps of INR 10,700. Unutilized value stems from misaligned booking cycles for Fine Hotels & Resorts Credit and a lack of visibility into entitlements such as Hotel Elite Status and Taj Epicure. Platinum 365 addresses this through Tab 3B RESIZE 50% and the L2.1 Value Ledger to surface credits and make entitlements visible. This intervention recovers up to INR 11,617 for Fine Hotels & Resorts Credit and captures a total expected recovery of INR 15,226 across targeted nudges, directly optimizing portfolio value for this High spend tier Domestic Executive."
C15423,Domestic Executive,Core,69999,0,friction,"The member is currently leaving INR 69,999 in total benefit value unrealised with a 0% utilisation percentage and INR 1,264,931 in annual spend over 15 months. The gap is primarily driven by friction amounting to INR 44,300, alongside awareness and timing deficits of INR 10,247 and INR 9,218 respectively. Platinum 365 addresses this through the L2.1 Value Ledger and targeted resizing protocols to surface entitlements and recovery mechanisms. This intervention recovers up to INR 21,861 in expected value across high-propensity benefits like the Fine Hotels & Resorts Credit."
C28364,Digital Affluent,Milestone,59151,0,timing,The member currently has a total benefit gap of Rs.59151. This is primarily driven by timing issues accounting for Rs.37651 and awareness gaps at Rs.10700. Platinum 365 addresses these friction points through Tab 3B RESIZE 50% combined with L2.1 Value Ledger alerts and entitlement visibility surfaces. This intervention will optimize their milestone progression and recover unrealized value.
C00611,Dormant Premium,Underused,69010,0,friction,"Cardmember C00611 is carrying a total benefit gap of INR 69,010 after 23 months, driven primarily by friction accounting for INR 47,900 of unrealised value. Platinum 365 addresses this through the Tab 3B RESIZE 50% combined with the L2.1 Value Ledger to surface the Fine Hotels & Resorts Credit and make entitlements visible. This targeted intervention resolves the structural friction, enabling the member to capture previously missed value and activate their dormant premium account."
C00692,Digital Affluent,High,70701,0,friction,"Cardmember C00692 currently exhibits a total benefit gap of INR 70,701, predominantly driven by redemption friction amounting to INR 47,900 alongside awareness deficits of INR 15,200. This underutilization stems primarily from booking friction on Fine Hotels & Resorts Credits and a lack of visibility into Renewal Vouchers at Rs.20L. Platinum 365 addresses these barriers through Tab 3B RESIZE and the Progressive Milestone Ladder to surface credits and restructure milestones. Consequently, the member will recover an expected INR 23,456 across targeted benefits, optimizing their portfolio value."
C16328,Global Traveller,Milestone,37438,0,timing,"This member accumulated a total benefit gap of Rs.37,438, driven primarily by timing shortfalls of Rs.24,613 alongside awareness and structural gaps of Rs.4,700 and Rs.4,200 respectively. This underutilization stems from timing delays and limited visibility into entitlements, which left key privileges unclaimed despite reaching milestone status. Platinum 365 addresses this through the Value Ledger and Progressive Milestone Ladder to make entitlements visible and eliminate milestone cliffs. Consequently, the member recovers unrealized value, specifically capturing projected gains across high-propensity benefits like the Taj Epicure 25% Discount and Renewal Vouchers at Rs.20L."
C03524,Domestic Executive,Core,67081,0,friction,"This Domestic Executive holds a total benefit gap of INR 67081, driven primarily by INR 45531 in friction alongside timing and irrelevance barriers. The root cause stems from procedural obstacles in redeeming the Fine Hotels & Resorts Credit, which accounts for INR 19221 in recoverable value through friction resolution. Platinum 365 addresses this via Tab 3B RESIZE 50% combined with L2.1 Value Ledger surfaces to capture these unutilized privileges. Consequently, the member unlocks a net value of INR 15960 from the Fine Hotels & Resorts Credit alone, effectively converting dormant cardholder benefits into realized returns."
C20227,Digital Affluent,High,42882,0,timing,"The member is currently experiencing a total benefit gap of INR 42,882, primarily driven by INR 21,382 in timing friction and INR 10,700 in awareness deficits. This under-utilisation stems from missed calendar windows and a lack of visibility into available perks, despite maintaining an annual spend of INR 3,170,971. Platinum 365 addresses this through Tab 3B RESIZE 50% and the L2.1 Value Ledger to surface hidden credits and make entitlements visible. This intervention is projected to recover INR 6,302 from the Fine Hotels & Resorts Credit and INR 1,801 from Hotel Elite Status (4 programmes), optimizing their high-tier engagement."
C38441,Business Owner,Core,47813,0,timing,"Cardmember C38441 is experiencing an overall benefit gap of INR 47813, primarily driven by timing issues accounting for INR 36131 of unrealised value. This underutilization stems from misaligned redemption cycles rather than product friction, as the member has attained zero percent utilization despite an annual spend of INR 1336378. Platinum 365 addresses this through L2.1 Value Ledger alerts and L2.2 Ladder rungs to systematically capture pending milestones. Consequently, the member will recover targeted value across high-propensity privileges like Unlimited Lounge Access and Hotel Elite Status."
C11276,Global Traveller,High,25014,0,timing,"This Global Traveller member is experiencing an unutilized benefit gap of Rs. 25,014 against an annual spend of Rs. 2,357,131. The primary driver of this underutilization is timing, accounting for Rs. 12,740 of the gap, alongside awareness and irrelevance gaps of Rs. 4,700 and Rs. 6,600 respectively. Platinum 365 addresses these friction points through the L2.1 Value Ledger and L2.2 Ladder rungs to align entitlements with travel cycles. This intervention recovers high-propensity benefits like Unlimited Lounge Access and Hotel Elite Status, ensuring full realization of card value."
C15757,Digital Affluent,Underused,38761,0,irrelevance,"Member C15757 is experiencing a total benefit gap of INR 38,761, primarily driven by INR 22,043 in irrelevance and INR 10,200 in awareness deficits. Platinum 365 addresses this through the L2.1 Value Ledger to make entitlements visible and the M2 Culinary Access to remove enrolment gates, recovering expected values of INR 6,101 and INR 503 respectively. This intervention eliminates blind spots for the Digital Affluent cardmember, directly unlocking net incremental value and maximizing annual card utility."
C18074,Global Traveller,Core,37380,0,timing,"Cardmember C18074 is experiencing a total benefit gap of INR 37,380, primarily driven by timing issues accounting for INR 28,894 of missed value. This underutilization stems from delayed engagement with high-propensity travel perks like Unlimited Lounge Access and Hotel Elite Status. Platinum 365 addresses this through Value Ledger alerts and Ladder rungs to proactively capture upcoming redemption windows. This intervention ensures the member fully realizes their card's travel value throughout the tenure."
C30635,Global Traveller,High,38348,0,timing,"The portfolio currently reflects a total benefit gap of INR 38,348, driven primarily by timing shortfalls of INR 31,341, alongside friction of INR 3,600 and awareness deficits of INR 2,500. This underutilization stems from misaligned activation windows for core privileges like Hotel Elite Status and Unlimited Lounge Access. Platinum 365 addresses this through L2.1 Value Ledger alerts combined with L2.2 Ladder rungs to ensure timely engagement. Consequently, the member recovers missed value while maximizing high-propensity redemptions across travel entitlements."
C00353,Global Traveller,Whale,56998,0,timing,"This member exhibits a total benefit gap of INR 56,998, driven primarily by timing at INR 41,498, alongside awareness at INR 4,700 and structural at INR 4,200. The underutilization stems from misaligned benefit realization schedules rather than lack of engagement, as evidenced by an annual spend of INR 3,639,092 across 20 months of tenure. Platinum 365 addresses this through the Tab 3B RESIZE 50% framework and the L2.1 Value Ledger, which actively surfaces credits and delivers timely alerts to recover high-propensity benefits like the Fine Hotels & Resorts Credit. This intervention will capture an expected recovery of INR 22,207 for the Fine Hotels & Resorts Credit alone, directly optimizing their portfolio value."
C33306,Dormant Premium,Underused,80800,0,friction,"Member C33306 is currently carrying a total benefit gap of INR 80,800 on an annual spend of INR 525,085 with 0% utilisation. This underperformance is primarily driven by operational friction accounting for INR 47,900 and awareness deficits contributing INR 18,700. Platinum 365 addresses this through the L2.1 Value Ledger and Tab 3B RESIZE 50%, which surface hidden entitlements and streamline redemption processes for high-propensity offerings like Unlimited Lounge Access. Consequently, resolving these barriers will unlock targeted recovery across the portfolio and optimize the member's card value."
C28122,Domestic Executive,High,27659,0,timing,"Member C28122 is leaving 27659 INR in total benefit value unrealised, driven primarily by timing gaps of 18337 INR and awareness gaps of 8200 INR. The Platinum 365 framework addresses this through the L2.1 Value Ledger and Tab 3B RESIZE 50% nudges to surface hidden entitlements and timing-sensitive credits like Fine Hotels & Resorts. Implementing these targeted interventions will recover expected value across high-propensity benefits such as Unlimited Lounge Access and Hotel Elite Status."
C33361,Domestic Executive,High,64256,0,friction,"This Domestic Executive member is experiencing an annual benefit gap of INR 64,256 against an annual spend of INR 2,856,969, driven primarily by friction amounting to INR 47,900. Platinum 365 addresses this through the Fine Hotels & Resorts Credit via Tab 3B RESIZE 50% combined with the L2.1 Value Ledger to surface the credit, recovering INR 22,277 in net value. This intervention optimizes utilization and secures previously unrealized portfolio benefits for the cardmember."
C37137,Domestic Executive,Core,50303,0,timing,"Member C37137 is experiencing a total benefit gap of INR 50,303, driven primarily by timing shortfalls of INR 28,803 and awareness deficits of INR 10,700. This underutilization stems from misaligned transaction windows and unrecognised entitlements across high-propensity offerings like Unlimited Lounge Access and the Fine Hotels & Resorts Credit. Platinum 365 addresses this through the L2.1 Value Ledger and L2.2 Ladder rungs to surface hidden credits and align activation timelines. This intervention secures an expected value recovery of INR 11,707 from the Fine Hotels & Resorts Credit alone, optimising the overall membership return."
C21356,Digital Affluent,Underused,72973,0,friction,"The member carries an annual spend of INR 968,147 with a total benefit gap of INR 72,973 driven primarily by friction of INR 47,900 and awareness of INR 10,700. This underutilization stems from booking friction on the Fine Hotels & Resorts Credit alongside a lack of visibility regarding Hotel Elite Status and Taj Epicure entitlements. Platinum 365 addresses this by deploying Tab 3B RESIZE 50% alongside the L2.1 Value Ledger to surface credits and make entitlements visible. This recovery design secures an expected value recovery of INR 12,546 for the credit and INR 1,699 for elite status to optimize the member's annual value realization."
C15354,Domestic Executive,Milestone,62221,0,friction,"The member is currently experiencing a total benefit gap of INR 62,221, largely driven by operational friction accounting for INR 44,300 of uncaptured value. This underutilization stems primarily from procedural barriers rather than lack of engagement, as seen in their Milestone spend tier status with an annual spend of INR 1,915,573. Platinum 365 addresses this through the L2.1 Value Ledger and Tab 3B RESIZE 50%, which surface hidden credits like the Fine Hotels & Resorts Credit to streamline redemption. Consequently, the member will recover expected value of up to INR 27,026 on that benefit alone, optimizing their card utilization."
C11330,Business Owner,High,42002,0,timing,"Cardmember C11330 exhibits a total benefit gap of INR 42,002, driven primarily by timing constraints accounting for INR 32,265 of unrealized value. This underutilization stems from misaligned calendar pacing rather than feature relevance or operational friction. Platinum 365 addresses this through automated Value Ledger alerts and Ladder rungs to realign usage with key milestones. Consequently, the cardmember captures latent value across high-propensity offerings like Unlimited Lounge Access and Hotel Elite Status."
C05495,Global Traveller,High,40889,0,timing,"The member leaves a total benefit gap of INR 40,889, primarily driven by timing factors amounting to INR 25,389. Platinum 365 addresses this through L2.1 Value Ledger alerts and L2.2 Ladder rungs to streamline benefit utilization across high-propensity offerings like Unlimited Lounge Access. This intervention ensures timely realization of entitled rewards, optimizing annual card value for this High spend tier Global Traveller."
C05129,Global Traveller,Milestone,20830,0,timing,"The member currently leaves 20830 INR in total unutilized value on the table, primarily driven by timing gaps amounting to 10866 INR alongside awareness and irrelevance deficits. This underutilization stems from misaligned benefit redemption windows relative to their travel cadence, compounded by low visibility of active perks. Platinum 365 addresses this by deploying value ledger alerts and progressive milestone ladder rungs to restructure these timelines. Consequently, the member recovers high-propensity entitlements like unlimited lounge access and renewal vouchers, bridging the gap toward their 2000000 INR milestone."
C15756,Digital Affluent,Core,75336,0,irrelevance,"The member is currently experiencing a total benefit gap of Rs. 75,336 against an annual spend of Rs. 1,168,826, driven primarily by irrelevance valued at Rs. 55,800 alongside timing and structural factors. This underutilization stems from a misalignment with available offerings, compounded by a lack of milestone attainment over their 17-month tenure. Platinum 365 addresses this through targeted interventions including value ledger alerts, ladder rungs, and culinary access to capture an expected recovery of Rs. 2,295 on lounge access and Rs. 514 on dining perks. Consequently, the member will optimize their card utility and bridge the existing value deficit to maximize their core spend tier benefits."
C22883,Global Traveller,High,43036,0,timing,"Cardmember C22883 is experiencing a total benefit gap of INR 43,036 against an annual spend of INR 3,425,503. This underutilization is primarily driven by timing issues accounting for INR 31,227 of the shortfall. Platinum 365 addresses this through value ledger alerts and a progressive milestone ladder to synchronize benefit realization. Consequently, the cardmember will capture recovered value across high-propensity offerings like Hotel Elite Status and Renewal Vouchers."
C03995,Global Traveller,Whale,29381,0,timing,"Member C03995 is experiencing a total benefit gap of INR 29,381, driven primarily by timing constraints accounting for INR 18,557 of the unutilised value. This underutilization stems from misaligned redemption windows rather than lack of engagement, given their annual spend of INR 5,531,899 and milestone attainment. Platinum 365 addresses this through L2.1 Value Ledger alerts and L2.2 Ladder rungs to proactively capture high-propensity benefits like Hotel Elite Status and Unlimited Lounge Access. Consequently, the member will secure projected recoveries totaling INR 3,662 and INR 3,160 respectively, optimizing their portfolio value."
C04935,Domestic Executive,Core,53482,0,timing,"Member C04935 is experiencing a total benefit gap of INR 53,482 across an annual spend of INR 1,066,150, primarily driven by timing issues accounting for INR 42,721 of the unrealized value. Platinum 365 addresses this through the L2.1 Value Ledger surfaces and L2.2 Ladder rungs, specifically targeting high-propensity benefits like the Fine Hotels & Resorts Credit and Unlimited Lounge Access. This intervention recovers expected value and ensures the member fully optimizes their card utility moving forward."
C26069,Domestic Executive,High,47591,0,timing,"The member exhibits a total benefit gap of INR 47591, predominantly driven by timing at INR 27907 alongside irrelevance and awareness shortfalls. This underutilization stems from misaligned redemption windows and unperceived relevance rather than lack of engagement, given their annual spend of INR 2497570. Platinum 365 addresses this through targeted interventions including Tab 3B RESIZE 50% and the L2.1 Value Ledger to surface entitlements like the Fine Hotels & Resorts Credit. This restructuring recovers INR 11938 specifically through the Fine Hotels & Resorts Credit nudge, securing a net value of INR 8508 and aligning card utility with the member's high spend tier."
C30772,Global Traveller,High,64006,0,friction,"Cardmember C30772 is experiencing a total benefit gap of INR 64,006, driven primarily by friction amounting to INR 47,900 and timing factors accounting for INR 6,706. This underutilization stems from operational hurdles and misaligned timing rather than a lack of spend, given their annual spend of INR 2,824,501. Platinum 365 addresses this through targeted interventions such as removing enrollment gates and deploying Value Ledger alerts, alongside ladder rungs for benefits like Hotel Elite Status and Unlimited Lounge Access. Consequently, the member will recover expected value and optimize their portfolio yield aligned with their Global Traveller profile."
C36976,Digital Affluent,Milestone,64304,0,irrelevance,"This Digital Affluent member has left Rs.64,304 in total benefit value unrealized despite attaining their milestone. The primary driver is irrelevance, accounting for Rs.56,598 of the gap, compounded by minor timing and awareness oversights. Platinum 365 addresses this through targeted interventions like Value Ledger alerts and ladder rungs designed around their high propensity for Unlimited Lounge Access. Consequently, the member will recover trapped value and optimize their card engagement moving forward."
C06323,Digital Affluent,Core,65896,0,friction,"Member C06323 is currently experiencing a total benefit gap of INR 65,896, driven primarily by operational friction accounting for INR 44,300 and awareness deficits contributing INR 10,700. This underutilization stems from process hurdles in accessing key privileges like the Fine Hotels & Resorts Credit alongside a lack of visibility into entitlements such as Hotel Elite Status and the Taj Epicure 25% Discount. Platinum 365 addresses these barriers through Tab 3B RESIZE and the L2.1 Value Ledger to surface credits and make entitlements visible. Consequently, this intervention is projected to recover INR 18,136 for the Fine Hotels & Resorts Credit and unlock tangible net value across top-propensity benefits like Unlimited Lounge Access."
C21024,Digital Affluent,Underused,37961,0,timing,"Member C21024 is experiencing an annual benefit gap of INR 37961, driven primarily by timing constraints of INR 22461 and awareness gaps of INR 4700. This underuse stems from missed activation windows for key lifestyle perks like Hotel Elite Status and Fine Hotels & Resorts Credit. Platinum 365 addresses this through targeted Value Ledger alerts and structured ladder rungs designed to surface entitlements proactively. Consequently, the member will recover trapped value and maximize their annual card utility."
C06296,Global Traveller,Whale,36903,0,timing,"The portfolio review reveals a total benefit gap of INR 36903, primarily driven by timing issues accounting for INR 28779 of the unutilised value. This underutilisation stems from delayed engagement rather than lack of awareness or product relevance, as the member actively maintains a Whale spend tier with INR 5849838 in annual spend. Platinum 365 addresses this through L2.1 Value Ledger alerts and L2.2 Ladder rungs to secure timely recoveries such as INR 2978 for Hotel Elite Status and INR 993 for the Taj Epicure discount. Consequently, the member captures their full entitled value, aligning their high annual expenditure with optimal benefit realization."
C28761,Digital Affluent,Milestone,69520,0,friction,"Cardmember C28761 is experiencing a total benefit gap of INR 69,520, driven primarily by friction accounting for INR 47,900 and awareness deficits contributing INR 10,700. This underutilization stems from booking obstacles and a lack of visibility into available entitlements rather than a misalignment with their Digital Affluent archetype. Platinum 365 addresses these barriers through Tab 3B RESIZE 50% and the L2.1 Value Ledger to surface credits and make entitlements visible. This targeted intervention will recover up to INR 15,743 through the Fine Hotels & Resorts Credit and unlock additional value across hotel and dining benefits."
C23065,Dormant Premium,Underused,74240,0,friction,"Member C23065 currently leaves INR 74,240 in annual benefits untapped, driven primarily by friction accounting for INR 47,900 and awareness gaps representing INR 10,700 of the total shortfall. Platinum 365 addresses these barriers directly through targeted interventions like Tab 3B RESIZE 50% combined with the L2.1 Value Ledger to surface the Fine Hotels & Resorts credit and make hidden entitlements visible. This structured approach resolves operational friction to capture expected recoveries of INR 5,681 for the hotel credit and INR 769 for elite status, realigning the account toward its milestone potential."
C36961,Business Owner,Underused,44108,0,timing,"This 95-month Business Owner member has accumulated a total benefit gap of INR 44,108 with an annual spend of INR 898,209 and 0% utilisation, failing to attain their milestone. The underutilization is driven primarily by timing gaps of INR 28,608, alongside awareness gaps of INR 4,700 and structural gaps of INR 4,200. Platinum 365 addresses these friction points through targeted solutions including L2.1 Value Ledger alerts, L2.2 Ladder rungs, and M2 Culinary Access to recover up to INR 2,253 in value. This unlocks untapped benefits like Hotel Elite Status and Taj Epicure, transforming dormant membership tenure into active, measurable returns."
C32291,Digital Affluent,Core,25166,0,irrelevance,"Member C32291 carries an untapped benefit gap of INR 25,166, driven primarily by irrelevance at INR 12,078 and timing mismatches of INR 8,388. This underutilization stems from a lack of awareness regarding key digital offerings alongside delayed milestone pacing toward the INR 20L renewal threshold. Platinum 365 addresses this through the Value Ledger and Progressive Milestone Ladder to make entitlements visible and restructure goals. Consequently, the member recovers projected value through tailored dining and digital concierge touchpoints while maximizing core card utility."
C02731,Global Traveller,High,48256,0,timing,"This Global Traveller member is leaving a total benefit gap of INR 48,256 unutilized, driven primarily by timing gaps of INR 29,140 and awareness deficits of INR 13,500. These drop-offs stem from unaligned redemption windows and a lack of visibility into high-propensity entitlements like Unlimited Lounge Access and Hotel Elite Status. Platinum 365 deploys the L2.1 Value Ledger and L2.2 Ladder rungs to automate timing alerts and make these entitlements immediately visible. This intervention resolves the behavioral friction, capturing expected recoveries such as INR 7,747 and INR 3,998 to align actual realization with the member's high spend tier."
C05174,Digital Affluent,Core,42171,0,irrelevance,"The member is currently experiencing a total benefit gap of INR 42,171, primarily driven by irrelevance at INR 32,971, alongside timing constraints of INR 7,000 and awareness gaps of INR 2,200. This underutilization stems from a lack of tailored engagement with current offerings and visibility into entitlements, which Platinum 365 addresses directly through the Progressive Milestone Ladder and the Value Ledger. Consequently, these targeted interventions will recover missed value and align card usage with the member's Digital Affluent profile."
C24619,Business Owner,Core,40636,0,timing,"Cardmember C24619 is experiencing a total benefit gap of INR 40,636, primarily driven by timing issues accounting for INR 29,639 of the unutilized value. Platinum 365 addresses this through targeted interventions such as Tab 3B RESIZE 50% and Value Ledger alerts that surface missed credits and restructure milestone pacing. Implementing these features will recover expected value across Fine Hotels & Resorts Credit, Hotel Elite Status, and Renewal Vouchers, optimizing their annual spend of INR 1,462,705."
C12207,Business Owner,Milestone,40613,0,timing,"Member C12207 currently incurs a total benefit gap of Rs.40613, primarily driven by timing issues accounting for Rs.27613. This underutilization stems from delayed benefit activations relative to program milestones rather than structural barriers or operational friction. Platinum 365 addresses this through value ledger alerts and a progressive milestone ladder to eliminate cliff effects. Consequently, the member will recover optimized value from high-propensity privileges such as hotel elite status and renewal vouchers."
C37846,Global Traveller,High,38205,0,timing,"Member C37846 is experiencing a total benefit gap of Rs.38205, primarily driven by timing factors amounting to Rs.26910. This underutilization stems from delayed benefit activation rather than friction or irrelevance. Platinum 365 addresses this through L2.1 Value Ledger alerts and L2.2 Ladder rungs to align usage with key travel windows. Consequently, the member will capture missed value across high-propensity offerings like Hotel Elite Status and Unlimited Lounge Access."
C30437,Domestic Executive,Milestone,50377,0,timing,"The cardholder is currently leaving 50377 INR of total benefits unclaimed despite achieving their milestone spend. This under-utilization is primarily driven by timing issues amounting to 28877 INR, alongside awareness gaps of 10700 INR. Platinum 365 addresses these frictions through the Value Ledger and targeted ladder alerts to surface hidden credits and entitlements. Consequently, the member will recover trapped value and optimize their card utilization moving forward."
C01696,Domestic Executive,Core,67024,0,friction,"With an annual spend of INR 1,120,293, this Domestic Executive member has left INR 67,024 in total benefits unutilised, failing to attain their milestone with 0% utilisation. This under-utilisation is primarily driven by operational friction accounting for INR 47,900 of the gap. Platinum 365 addresses this through targeted interventions like Tab 3B RESIZE 50% combined with the L2.1 Value Ledger to surface the Fine Hotels & Resorts Credit. Consequently, this recovery process will capture expected value and optimize the member's card utility."
C11231,Global Traveller,Core,37945,0,timing,"The member is currently experiencing a total benefit gap of INR 37,945, driven primarily by timing factors amounting to INR 29,280 alongside awareness and irrelevance gaps. This underutilization stems from misaligned benefit activation windows rather than a lack of intent, given their high propensity for travel privileges. Platinum 365 addresses this through Value Ledger alerts and progressive milestone ladder rungs designed to capture delayed redemptions. Implementing this structure will recover missed value across elite hotel and dining benefits, aligning realization with their annual spend trajectory."
C38356,Business Owner,Core,50705,0,timing,"Cardmember C38356 is experiencing a total benefit gap of INR 50705, driven primarily by timing factors amounting to INR 37405 out of the total. This underutilization stems from misaligned redemption cycles rather than product irrelevance, as evidenced by high propensity for Unlimited Lounge Access at 0.92 and Hotel Elite Status at 0.516. Platinum 365 addresses this through Tab 3B RESIZE 50% combined with L2.1 Value Ledger alerts and L2.2 Ladder rungs to actively surface credits like the Fine Hotels & Resorts Credit. This intervention secures an expected recovery of INR 12109 for the credit and INR 2878 for lounge access, aligning realization directly with the member's active spend patterns."
C25172,Digital Affluent,Core,76936,0,irrelevance,"Member C25172 is experiencing a total benefit gap of Rs.76936, driven primarily by irrelevance at Rs.63800, alongside timing and friction gaps of Rs.8650 and Rs.3600 respectively. This underutilization stems from a mismatch in benefit relevance and timing relative to their Core spend tier of Rs.1222458 over 73 months. Platinum 365 addresses these barriers through the L2.2 Progressive Milestone Ladder and M2 Culinary Access to remove enrolment gates and replace cliffs. Through these targeted interventions, the member is projected to recover value across high-propensity offerings like Unlimited Lounge Access and Hotel Elite Status."
C10273,Business Owner,High,54183,0,timing,"Cardmember C10273 has accumulated a total benefit gap of INR 54,183, with timing friction accounting for INR 45,796 of this unutilized value. Platinum 365 resolves this through Tab 3B RESIZE 50% alongside L2.1 Value Ledger alerts and L2.2 Ladder rungs to properly surface the Fine Hotels & Resorts Credit and other timely benefits. Recovering this value bridges the gap for this high-tier business owner to capture their full card potential."
C23143,Domestic Executive,Milestone,62273,0,friction,"This Domestic Executive cardmember is currently leaving INR 62,273 in total benefit value unrealized, driven primarily by friction of INR 44,300 and timing gaps of INR 9,123. The root cause stems from operational friction on the Fine Hotels & Resorts Credit and delayed utilization timing on Unlimited Lounge Access. Platinum 365 addresses this through Tab 3B RESIZE 50% plus L2.1 Value Ledger surfacing the credit alongside L2.2 Ladder rungs. This intervention will recover an expected INR 18,485 from the friction gap, shifting the member toward capturing their full portfolio value."
C03601,Digital Affluent,Milestone,74101,0,irrelevance,"The member exhibits a total benefit gap of Rs.74,101, driven primarily by irrelevance at Rs.68,000 alongside minor friction of Rs.3,600 and awareness deficits of Rs.2,200 against an annual spend of Rs.1,900,747. This underutilization stems from misaligned reward structures and enrollment barriers that fail to engage their Digital Affluent profile. Platinum 365 addresses this through targeted interventions like M2 Culinary Access removing the enrolment gate and L2.1 Value Ledger making entitlements visible, recovering up to Rs.553 and Rs.389 respectively. Consequently, the cardholder unlocks previously missed value, aligning card utility with their milestone spend trajectory."
C25641,Digital Affluent,Underused,76816,0,friction,"Cardmember C25641 is experiencing an active benefit gap of INR 76,816 against an annual spend of INR 795,147, driven primarily by operational friction accounting for INR 47,900 of unrealized value. Platinum 365 addresses this through the Fine Hotels & Resorts Credit nudge, leveraging Tab 3B RESIZE and the L2.1 Value Ledger to surface entitlements and eliminate booking obstacles. This intervention recovers INR 12,254 in expected value with a net return of INR 10,157, optimizing the card's utility for this Digital Affluent member."
C13360,Domestic Executive,Milestone,20994,0,timing,"Member C13360 leaves a total benefit gap of INR 20,994 unutilized, primarily driven by timing issues amounting to INR 14,574 alongside awareness and irrelevance factors. Platinum 365 addresses these friction points through the L2.1 Value Ledger and L2.2 Ladder rungs to surface entitlements and synchronize usage. This intervention recovers expected value across key perks like the Fine Hotels & Resorts Credit and Taj Epicure 25% Discount, closing the gap and optimizing portfolio returns."
C21805,Digital Affluent,Milestone,68917,0,friction,"The member is experiencing an annual benefit gap of INR 68,917, driven primarily by friction causing INR 47,900 of unutilized value. This underutilization stems from operational hurdles rather than lack of interest, specifically hindering the Fine Hotels & Resorts Credit. Platinum 365 addresses this through Tab 3B RESIZE 50% combined with L2.1 Value Ledger surfaces to eliminate redemption barriers. Consequently, the member will capture the expected recovery of INR 14,040 on this benefit and systematically reduce their overall portfolio leakage."
C18695,Business Owner,Core,46506,0,timing,"This Business Owner member has accumulated a total benefit gap of INR 46506, driven primarily by timing gaps of INR 30486 and awareness gaps of INR 8500. Underutilization stems from misaligned redemption cycles and lack of visibility into entitlements like Hotel Elite Status. Platinum 365 addresses this through the L2.1 Value Ledger and Tab 3B resizing mechanisms to surface credits proactively. This intervention will recover expected value and align the portfolio with the member's high propensity for travel benefits."
C10771,Dormant Premium,Underused,72800,0,irrelevance,"Member C10771 carries a total benefit gap of INR 72,800 against an annual spend of INR 451,257, driven primarily by irrelevance at INR 55,800 alongside timing and structural causes. Platinum 365 addresses this through a progressive milestone ladder and value ledger to make entitlements visible and restructure the reward path. This intervention aligns the card's offerings with the member's profile to recover latent value across 73 months of tenure."
C21328,Domestic Executive,High,69044,0,friction,"The member has a total benefit gap of INR 69,044, driven primarily by friction accounting for INR 47,900, alongside timing and awareness factors. This underutilization stems from procedural hurdles, notably impacting the Fine Hotels & Resorts Credit, which accounts for an expected recovery of INR 21,856 through Tab 3B RESIZE 50% and the L2.1 Value Ledger. Platinum 365 addresses this through targeted value ledger alerts and structured ladder rungs to streamline redemption processes. Consequently, the member will recover uncaptured value and optimize their annual spend of INR 2,471,390."
C06897,Digital Affluent,Core,80800,0,friction,"This Digital Affluent cardmember is experiencing a total benefit gap of INR 80,800, driven primarily by friction of INR 47,900 and awareness gaps of INR 18,700. The primary root causes stem from operational friction accessing the Fine Hotels & Resorts Credit and a lack of visibility into entitlements like Unlimited Lounge Access. Platinum 365 addresses this through targeted interventions including Tab 3B RESIZE 50% combined with the L2.1 Value Ledger to surface credits and make entitlements visible. These actions are projected to recover INR 11,765 for the Fine Hotels & Resorts Credit and INR 5,810 for Unlimited Lounge Access, unlocking a net value of INR 9,750 and INR 5,179 respectively."
C33090,Domestic Executive,Core,33371,0,timing,"Cardmember C33090 currently carries a total benefit gap of INR 33,371, driven primarily by timing shortfalls of INR 14,371 and awareness gaps of INR 8,200. The member is missing out on high-propensity entitlements like Unlimited Lounge Access and Hotel Elite Status due to delayed utilisation and lack of visibility into active privileges. Platinum 365 addresses these barriers through targeted Value Ledger alerts, ladder rungs, and entitlement mapping to capture an expected recovery of INR 3,273 for lounge access and INR 2,459 for hotel status. This intervention systematically converts latent card value into realized savings, closing the benefit gap and ensuring full capture of the domestic executive value proposition."
C30553,Dormant Premium,Underused,60452,0,timing,"Member C30553 is currently experiencing a total benefit gap of INR 60,452 against an annual spend of INR 336,461, driven primarily by timing constraints accounting for INR 44,952 of the unutilized value. Platinum 365 addresses this through the L2.1 Value Ledger and L2.2 Ladder rungs to actively surface entitlements and align them with the member's travel and dining cadence. Implementing these targeted nudges will recover up to INR 4,246 in Fine Hotels & Resorts Credit value and reactivate dormant card benefits. Ultimately, this structured intervention transforms underused portfolio potential into realized annual value for the member."
C23326,Domestic Executive,Milestone,65048,0,friction,"The member leaves a total benefit gap of Rs.65048 on the table, primarily driven by Rs.47900 in friction losses. Platinum 365 addresses this through Tab 3B RESIZE 50% combined with the L2.1 Value Ledger to surface the Fine Hotels & Resorts Credit. This intervention recovers Rs.30401 in expected value, securing the member's milestone attainment for their annual spend of Rs.2051282."
C34601,Dormant Premium,Underused,73750,0,irrelevance,"With an annual spend of INR 602,325 and zero utilisation, the member has accumulated a total benefit gap of INR 73,750, primarily driven by irrelevance at INR 60,950 alongside friction of INR 3,600 and timing of INR 7,000. Platinum 365 addresses these barriers through structural interventions including the Value Ledger and the Progressive Milestone Ladder, which replace visibility gaps and cliff-edge targets. This transforms the underused account into an active portfolio by unlocking targeted benefits like Digital-First Concierge and removing enrolment gates for dining perks."
C26814,Global Traveller,Milestone,45521,0,timing,"This member is currently facing a total benefit gap of INR 45521, primarily driven by timing issues amounting to INR 36690 out of the overall uncaptured value. The underutilization stems from timing misalignments rather than benefit irrelevance, causing missed engagement windows across high-propensity offerings like Hotel Elite Status and Unlimited Lounge Access. Platinum 365 addresses this through proactive Value Ledger alerts and progressive ladder rungs to systematically recover value. As a result, the member will capture an expected recovery of INR 3114 in hotel benefits and optimize their overall portfolio engagement moving forward."
C19330,Business Owner,Whale,66316,0,friction,"This Business Owner has a total benefit gap of INR 66,316, driven primarily by friction of INR 47,900 and timing constraints of INR 9,016. The underlying issue stems from redemption roadblocks, particularly regarding the Fine Hotels & Resorts Credit, which impede utilization despite an annual spend of INR 3,762,654. Platinum 365 addresses this through Tab 3B RESIZE 50% combined with L2.1 Value Ledger surfacing the credit to recover INR 29,666, alongside L2.1 Value Ledger alerts and L2.2 Ladder rungs to capture timing-based benefits. This intervention secures an expected total recovery of INR 35,184 across targeted nudges, ensuring optimal realization of high-propensity privileges like Unlimited Lounge Access and Renewal Vouchers @ Rs.20L."
C16852,Digital Affluent,High,69298,0,friction,"The member is currently leaving INR 69,298 on the table in unrealised benefits. This underutilization is primarily driven by operational friction accounting for INR 44,300 and awareness gaps contributing INR 16,200 of the total shortfall. Platinum 365 addresses this through the L2.1 Value Ledger and targeted resizing to surface entitlements like the Fine Hotels & Resorts Credit and Unlimited Lounge Access. Resolving these barriers will recover expected value and optimize their High spend tier engagement."
C35379,Global Traveller,High,34325,0,timing,"Member C35379 is experiencing a total benefit gap of Rs.34,325, driven primarily by timing factors accounting for Rs.21,325 of uncaptured value. This underutilization stems from misaligned benefit activation windows rather than lack of engagement, given the member's annual spend of Rs.3,456,030. Platinum 365 addresses this through L2.1 Value Ledger alerts and L2.2 Ladder rungs to systematically capture high-propensity rewards like Unlimited Lounge Access. This intervention recovers lost value and ensures full realization of membership privileges moving forward."
C19978,Digital Affluent,Core,44648,0,timing,"This 78-month Digital Affluent member is currently experiencing a total benefit gap of INR 44,648, predominantly driven by timing issues amounting to INR 31,648 alongside INR 6,600 in irrelevance and INR 4,200 in structural friction. This underutilization stems from misaligned redemption windows rather than lack of engagement, evidenced by their strong propensity for Unlimited Lounge Access at 0.944. Platinum 365 addresses this through targeted interventions such as the L2.1 Value Ledger alerts and the L2.2 Progressive Milestone Ladder, which recover expected value across key perks including the Fine Hotels & Resorts Credit. Consequently, the member captures an expected recovery of INR 5,858 on the FHR credit alone, directly closing their benefit gap and aligning card usage with their actual lifestyle patterns."
C29431,Business Owner,Underused,70460,0,friction,"With a total benefit gap of INR 70,460, this member is currently underutilising their Platinum card despite a 39-month tenure. The primary driver of this non-usage is friction, accounting for INR 47,900 of the uncaptured value, alongside timing and awareness constraints. Platinum 365 addresses these barriers through targeted interventions such as Tab 3B RESIZE 50% and the L2.1 Value Ledger to surface entitlements like the Fine Hotels & Resorts Credit. This restructuring recovers expected value of up to INR 32,728 on that benefit alone, closing the utilisation gap and unlocking the card's full potential."
C28778,Dormant Premium,Underused,80800,0,irrelevance,"Cardmember C28778 exhibits an annual benefit gap of INR 80,800 against an annual spend of INR 377,174, driven primarily by irrelevance accounting for INR 68,000 of uncaptured value. This underutilization stems from a misalignment with standard offerings, compounded by timing and friction gaps of INR 7,000 and INR 3,600 respectively. Platinum 365 addresses this through targeted interventions including the L2.2 Progressive Milestone Ladder and M2 Culinary Access to remove activation barriers. Consequently, the member captures unutilized value aligned with their spending patterns, reactivating dormant premium potential over their 28-month tenure."
C23730,Global Traveller,High,36517,0,timing,"The member currently carries a total benefit gap of INR 36,517, driven primarily by timing factors amounting to INR 23,517 alongside structural and friction elements. This underutilization stems from misaligned redemption windows rather than lack of engagement, as evidenced by an annual spend of INR 2,571,345 and milestones already attained. Platinum 365 addresses this through L2.1 Value Ledger alerts and L2.2 Ladder rungs to automatically capture high-propensity privileges like Unlimited Lounge Access and Hotel Elite Status. This intervention ensures the member systematically captures unrealized value without altering their existing spend patterns."
C38391,Global Traveller,Whale,49841,0,timing,"Member C38391 leaves INR 49,841 in total benefits unclaimed on an annual spend of INR 3,722,454, driven primarily by timing constraints accounting for INR 38,348 of the gap. This friction is compounded by minor irrelevance and structural factors valued at INR 4,793 and INR 4,200 respectively. Platinum 365 addresses this through L2.1 Value Ledger alerts and L2.2 Ladder rungs to streamline high-propensity redemptions like Hotel Elite Status and Unlimited Lounge Access. This intervention recovers lost value for the member, optimizing their 46-month relationship and maximizing portfolio returns."
C21685,Business Owner,Core,38978,0,timing,"This Business Owner cardmember is experiencing a total benefit gap of INR 38,978, primarily driven by timing factors accounting for INR 27,636 of the shortfall. This underutilization stems from misaligned redemption windows, particularly affecting high-propensity privileges like Hotel Elite Status and Unlimited Lounge Access. Platinum 365 addresses this through L2.1 Value Ledger alerts and L2.2 Ladder rungs to proactively time redemptions against upcoming travel cycles. Consequently, the member will recover projected value through timely engagement with their core card benefits."
C35118,Domestic Executive,Core,70668,0,friction,"Member C35118 is currently experiencing a total benefit gap of INR 70,668, driven primarily by friction amounting to INR 47,900 alongside timing and awareness factors. This underutilization stems from procedural hurdles and lack of visibility into entitlements such as the Fine Hotels & Resorts Credit and Hotel Elite Status. Platinum 365 addresses this through targeted interventions like Tab 3B RESIZE 50%, the L2.1 Value Ledger, and M2 Culinary Access to remove enrolment gates and surface hidden credits. These measures recover expected value of INR 18,855 for Fine Hotels & Resorts Credit and INR 2,533 for Hotel Elite Status, aligning card usage with the member's annual spend of INR 1,243,755."
C08032,Global Traveller,High,42792,0,timing,"The cardholder is experiencing a total benefit gap of INR 42,792, primarily driven by timing constraints amounting to INR 23,792 and awareness deficits of INR 8,200. Platinum 365 addresses these friction points through L2.1 Value Ledger alerts and the L2.2 Progressive Milestone Ladder, which make entitlements visible and replace calendar cliffs. This intervention secures an expected recovery of INR 4,989 in hotel elite status value and ensures the optimal realization of high-propensity rewards like Renewal Vouchers at Rs.20L."
C22813,Dormant Premium,Underused,73560,0,friction,"The member has accumulated a total benefit gap of INR 73,560 against an annual spend of INR 496,528 with 0 percent utilisation over 16 months. This underutilization is primarily driven by operational friction accounting for INR 47,900, alongside awareness gaps of INR 10,700 and timing constraints of INR 7,660. Platinum 365 addresses these barriers through targeted interventions like Tab 3B RESIZE 50 percent combined with the L2.1 Value Ledger to surface the Fine Hotels & Resorts Credit and make entitlements visible. These actions will systematically recover missed value, enabling the member to capture optimal returns from their card membership."
C04015,Global Traveller,High,29756,0,timing,"The member exhibits a total benefit gap of INR 29,756, primarily driven by timing issues amounting to INR 19,198 alongside awareness and irrelevance gaps of INR 4,700 and INR 4,501 respectively. This under-utilisation stems from missed seasonal windows and a lack of visibility into high-propensity entitlements like Hotel Elite Status and Taj Epicure. Platinum 365 addresses this through targeted interventions including L2.1 Value Ledger alerts and L2.2 Ladder rungs to streamline benefit activation. Consequently, this recovers projected value and aligns card usage with the member's high-spend profile."
C38818,Domestic Executive,Core,74519,0,friction,"Cardmember C38818 is currently experiencing a total benefit gap of INR 74,519 against an annual spend of INR 1,488,036, driven primarily by friction amounting to INR 44,300 alongside awareness and timing gaps of INR 8,500 and INR 10,919 respectively. This underutilization stems from procedural barriers and unrecognized entitlements, notably affecting high-propensity offerings like the Fine Hotels & Resorts Credit and Hotel Elite Status. Platinum 365 addresses these bottlenecks through targeted interface resizing and the L2.1 Value Ledger to surface hidden credits and make entitlements visible. This intervention is projected to recover INR 33,308 from the Fine Hotels & Resorts Credit alone, effectively closing the value gap and optimizing the member's core domestic executive portfolio."
C34876,Business Owner,Milestone,44485,0,timing,"The portfolio review for customer C34876 reveals a total benefit gap of INR 44,485, primarily driven by timing issues amounting to INR 31,485. This underutilization stems from misaligned redemption cycles rather than a lack of product engagement, given their annual spend of INR 1,952,123. Platinum 365 addresses this through targeted interventions such as value ledger alerts and ladder rungs to capture high-propensity rewards like hotel elite status. Consequently, the member will systematically recover unrealized value and optimize their card benefits moving forward."
C31830,Global Traveller,High,55284,0,timing,"The member is currently experiencing a total benefit gap of Rs.55,284, primarily driven by timing issues accounting for Rs.42,284 of the unutilised value. This underutilisation stems from delayed redemption cycles rather than structural or frictional barriers, despite an annual spend of Rs.2,586,496 and the milestone being attained. Platinum 365 addresses this through L2.1 Value Ledger alerts and L2.2 Ladder rungs to proactively capture high-propensity rewards like Unlimited Lounge Access and Hotel Elite Status. Consequently, this intervention secures a projected recovery of Rs.3,987 on lounge access alone, optimizing the member's overall portfolio value."
C18109,Dormant Premium,Underused,73680,0,irrelevance,"Cardmember C18109 is currently experiencing a total benefit gap of INR 73,680 against an annual spend of INR 358,396, driven primarily by irrelevance accounting for INR 55,800. This underutilization stems from a mismatch with standard offerings, as reflected by a utilisation percentage of 0 and an unachieved milestone status across 11 months of tenure. Platinum 365 addresses this through targeted interventions including the L2.2 Progressive Milestone Ladder to replace cliffs and the L2.1 Value Ledger to make entitlements visible. Consequently, the cardmember unlocks a projected value recovery of INR 210 from renewal vouchers and INR 170 from digital concierge services, aligning the card's architecture with their engagement profile."
C21284,Domestic Executive,Milestone,66776,0,friction,"This member is experiencing an unutilised benefit gap of INR 66,776, primarily driven by operational friction amounting to INR 47,900 and awareness deficits totalling INR 10,700. Platinum 365 addresses these barriers through Tab 3B RESIZE and the L2.1 Value Ledger to surface hidden credits and make entitlements visible. This targeted intervention secures an expected recovery of INR 25,826 in net value to optimize their milestone tier rewards."
C17034,Global Traveller,Milestone,51043,0,timing,"This Global Traveller member is experiencing a total benefit gap of ₹51,043 across their account, primarily driven by timing factors contributing ₹30,043 and awareness issues accounting for ₹13,800. The underutilisation stems from missed operational windows and a lack of visibility into high-propensity entitlements like Unlimited Lounge Access and Hotel Elite Status. Platinum 365 addresses this through the Value Ledger and milestone ladder rungs to surface entitlements and align them with travel schedules. Consequently, the member will recover unutilised value, optimise their milestone benefits, and fully capture the intended value of their Platinum membership."
C13363,Global Traveller,Milestone,36199,0,timing,"This 47-month Milestone tier member has accumulated a total benefit gap of INR 36,199, driven primarily by timing constraints of INR 26,509, alongside friction of INR 3,600 and irrelevance of INR 3,000. The non-utilisation stems from milestone-cliff timing disconnects and procedural lag preventing timely benefit activation. Platinum 365 addresses this through the progressive milestone ladder and value ledger alerts to systematically capture pending value. This intervention ensures the member recovers projected value through tailored milestone progression and automated tracking."
C11412,Domestic Executive,Milestone,61175,0,friction,"The member is leaving INR 61175 on the table against an annual spend of INR 1777116, driven primarily by friction accounting for INR 45387.0 of the uncaptured value. This underutilization stems from operational hurdles rather than a lack of intent, specifically impacting high-propensity offerings like the Fine Hotels & Resorts Credit. Platinum 365 addresses this through Tab 3B RESIZE 50% combined with L2.1 Value Ledger to surface the credit and streamline usage. This intervention recovers expected value while positioning the cardholder to successfully reach the Rs.20L renewal voucher milestone."
C08292,Digital Affluent,Core,48185,0,timing,"The member exhibits a total benefit gap of INR 48,185, driven primarily by timing losses of INR 27,945 and awareness deficits of INR 10,700. This underutilization stems from a lack of visibility into expiring entitlements and the absence of proactive calendar alignment for high-value credits. Platinum 365 addresses this by deploying the L2.1 Value Ledger to surface hidden entitlements alongside targeted resizing triggers to capture unearned value. Consequently, the member will unlock INR 8,413 in combined expected recovery across high-propensity dining and hotel privileges."
C34128,Domestic Executive,Milestone,38706,0,timing,"Customer C34128 is experiencing a total benefit gap of INR 38,706, primarily driven by timing issues amounting to INR 26,730 alongside irrelevance of INR 6,600 and awareness gaps of INR 4,700. The root cause stems from poor timing alignment with high-propensity offerings like Unlimited Lounge Access and Fine Hotels & Resorts Credit. Platinum 365 addresses this through targeted interventions including Tab 3B RESIZE 50% combined with L2.1 Value Ledger alerts and L2.2 Ladder rungs. This intervention will recover an expected value of INR 9,250 for Fine Hotels & Resorts Credit, ensuring full realization of card benefits."
C28121,Domestic Executive,Milestone,43271,0,timing,"Member C28121 carries a total benefit gap of INR 43,271 against an annual spend of INR 1,745,155, primarily driven by timing issues amounting to INR 30,271 alongside structural and friction causes of INR 4,200 and INR 3,600 respectively. Platinum 365 addresses these gaps through targeted interventions including Tab 3B RESIZE 50% and the L2.1 Value Ledger to surface credits and provide timely alerts. Implementing these design responses will capture an expected recovery of INR 9,737 for Fine Hotels & Resorts Credit and INR 2,303 for Unlimited Lounge Access, optimizing the cardholder's overall value realization."
C36916,Business Owner,High,36833,0,timing,"Member C36916 exhibits a total benefit gap of INR 36833, primarily driven by timing factors accounting for INR 25957 of the unutilized value alongside irrelevance and structural causes. Platinum 365 addresses this through L2.1 Value Ledger alerts and L2.2 progressive milestone ladder rungs designed to capture high-propensity rewards like Unlimited Lounge Access. This intervention closes the realization deficit for this Business Owner with high annual spend, ensuring timely capture of entitled portfolio value."
C12167,Global Traveller,Whale,34566,0,timing,"The member has a total benefit gap of Rs.34566, driven primarily by timing at Rs.24241 out of the total. This underutilization stems from execution delays rather than lack of interest, given the high propensity for offerings like Unlimited Lounge Access at 0.97 and Hotel Elite Status at 0.846. Platinum 365 deploys L2.1 Value Ledger alerts and L2.2 Ladder rungs to address these timing constraints directly. This intervention captures the expected recovery of Rs.4532 from Hotel Elite Status and Rs.3692 from Unlimited Lounge Access, converting latent value into active portfolio returns."
C23474,Domestic Executive,Milestone,25143,0,timing,"Cardmember C23474 carries a total benefit gap of Rs.25,143, predominantly driven by timing at Rs.12,755 and awareness at Rs.4,700. This underutilization stems from misaligned redemption windows and missed visibility on high-propensity entitlements like Renewal Vouchers @ Rs.20L and Unlimited Lounge Access. Platinum 365 deploys Value Ledger alerts and ladder rungs to systematically bridge these gaps. Consequently, the member recovers targeted value across dining and travel perks, optimizing their milestone-tier returns."
C13230,Digital Affluent,Core,32572,0,timing,"Member C13230 leaves 32,572 INR in total benefit value unrealised against an annual spend of 1,499,205 INR, driven primarily by timing losses of 11,072 INR and awareness gaps of 10,700 INR. This underutilization stems from a lack of visibility into entitlements like Hotel Elite Status and Taj Epicure alongside cliff-edge milestone structures. Platinum 365 addresses this by deploying the Value Ledger to make entitlements visible and the Progressive Milestone Ladder to eliminate timing barriers. Consequently, the member recovers high-propensity value while optimizing overall card utility across their 62-month tenure."
C22016,Global Traveller,Whale,34864,0,timing,"The portfolio review reveals a total benefit gap of INR 34864, primarily driven by timing factors amounting to INR 275080.0 alongside awareness gaps of INR 4700.0. Platinum 365 addresses these friction points through Value Ledger alerts, ladder rungs, and progressive milestone structuring to make entitlements visible and eliminate utilization cliffs. This targeted intervention recovers unrealized value, optimizing the member's annual spend of INR 3707443 across high-propensity privileges like unlimited lounge access and renewal vouchers."
C33325,Business Owner,Underused,70633,0,friction,"Cardmember C33325 is currently experiencing an uncaptured benefit gap of INR 70,633 against an annual spend of INR 691,796, driven primarily by operational friction accounting for INR 47,900 and timing factors contributing INR 15,042. This underutilization stems from booking barriers on the Fine Hotels & Resorts Credit and misaligned redemption windows for Unlimited Lounge Access and Hotel Elite Status. Platinum 365 addresses this through targeted value ledger alerts and resize protocols that surface high-propensity rewards like the Fine Hotels & Resorts Credit. Consequently, the member will recover expected value across key benefits, eliminating friction and maximizing their card's potential."
C25921,Digital Affluent,Milestone,67811,0,irrelevance,"Member C25921 carries a total benefit gap of INR 67,811, primarily driven by irrelevance at INR 54,658 alongside awareness and friction deficits. Platinum 365 addresses these disconnects through targeted solutions like the progressive milestone ladder and culinary access to streamline utilization. This engagement aligns card usage with the member's digital affluent profile, driving progress toward renewal vouchers at INR 20L."
C03163,Domestic Executive,Core,43130,0,timing,"Member C03163 is experiencing a total benefit gap of INR 43,130, driven primarily by timing constraints accounting for INR 29,375 of uncaptured value. This underutilization stems from misaligned execution windows rather than a lack of card engagement against an annual spend of INR 1,498,202. Platinum 365 addresses this through targeted interventions like Tab 3B RESIZE and the L2.1 Value Ledger to surface entitlements such as the Fine Hotels & Resorts Credit. This realignment ensures the member captures projected recovery while optimizing their core Domestic Executive tier benefits."
C07094,Global Traveller,Milestone,43426,0,timing,"This Global Traveller member is experiencing a total benefit gap of INR 43,426, primarily driven by timing issues accounting for INR 35,436 of the unutilised value. The root cause is a delay in leveraging high-propensity travel perks like Hotel Elite Status and Unlimited Lounge Access at the optimal moments. Platinum 365 addresses this through L2.1 Value Ledger alerts and L2.2 Ladder rungs to ensure timely engagement. Consequently, the member will recover expected value across key travel milestones, optimizing their card utilization."
C22557,Digital Affluent,Milestone,21049,0,irrelevance,"This member exhibits a total benefit gap of INR 21,049, primarily driven by irrelevance of INR 14,314 alongside timing and awareness factors. The underutilization stems from misaligned benefit timing and low visibility into entitlements rather than lack of spend engagement. Platinum 365 addresses this through Value Ledger alerts and the progressive milestone ladder to smooth out timing gaps. This intervention recovers expected value while aligning card features with the member's digital affluent profile."
C38953,Global Traveller,Whale,67283,0,friction,"Cardmember C38953 is currently experiencing a total benefit gap of INR 67,283, driven primarily by operational friction amounting to INR 44,300. This underutilization stems from timing delays and friction points that inhibit timely redemption despite an annual spend of INR 4,395,431. Platinum 365 addresses this through the progressive milestone ladder and value ledger alerts to systematically capture missed value. This intervention secures an expected recovery in value, optimizing the relationship return across high-propensity entitlements like renewal vouchers and hotel benefits."
C35125,Global Traveller,Whale,39292,0,timing,"This Whale member with an annual spend of INR 5,660,876 across 19 months of tenure currently leaves a total benefit gap of INR 39,292 unclaimed. The shortfall is primarily driven by timing factors accounting for INR 23,792, alongside awareness gaps of INR 4,700 and structural factors of INR 4,200. Platinum 365 addresses this through targeted interventions including L2.1 Value Ledger alerts, L2.2 Ladder rungs, and M2 Culinary Access to remove enrolment friction. Consequently, the member recovers up to INR 4,151 in expected value from hotel elite status and additional dining perks, optimizing their card utilization."
C22927,Domestic Executive,Milestone,38186,0,timing,"This Domestic Executive currently carries a total benefit gap of INR 38,186 while maintaining zero utilization despite reaching milestone status. The shortfall is primarily driven by timing at INR 22,579 and awareness at INR 10,700, reflecting missed transactional windows and unrecognized entitlements. Platinum 365 addresses this through the L2.1 Value Ledger and targeted ladder rungs to surface high-propensity perks like Unlimited Lounge Access and the Fine Hotels & Resorts Credit. This intervention recovers INR 6,770 in expected value, optimizing the member's annual spend of INR 1,596,364."
C10470,Domestic Executive,Core,70837,0,friction,"Cardmember C10470 is experiencing a total benefit gap of INR 70,837, driven primarily by operational friction amounting to INR 47,900. Platinum 365 addresses this through targeted interventions like Tab 3B RESIZE 50% combined with the L2.1 Value Ledger to surface the Fine Hotels & Resorts Credit, recovering an expected INR 19,152. This intervention eliminates redemption hurdles, successfully unlocking unutilised value for the member."
C31230,Domestic Executive,Milestone,38542,0,timing,"The cardholder currently has a total benefit gap of INR 38,542, primarily driven by timing issues amounting to INR 26,042 alongside awareness gaps of INR 4,700 and structural gaps of INR 4,200. This underutilization stems from misaligned redemption cycles and lack of visibility into available entitlements like the Fine Hotels & Resorts Credit and Taj Epicure 25% Discount. Platinum 365 addresses these friction points through the L2.1 Value Ledger and targeted alert frameworks to surface missed value and prompt timely usage. Consequently, the member will recover an expected value of INR 12,249 across these targeted benefits, optimizing their milestone-tier returns."
C20530,Global Traveller,Core,43741,0,timing,"Member C20530 is experiencing a total benefit gap of INR 43741, primarily driven by timing issues amounting to INR 36192.0 out of the total. Platinum 365 addresses this root cause through interventions like L2.1 Value Ledger alerts and L2.2 Ladder rungs to bridge the shortfall. Consequently, the member recovers unrealized value, optimizing their card utilization and benefit capture."
C27441,Digital Affluent,Milestone,69500,0,irrelevance,"This Digital Affluent member has accumulated a total benefit gap of INR 69,500, driven primarily by INR 60,300 in irrelevance and INR 9,200 in awareness. The underutilization stems from a lack of alignment with current lifestyle offerings and unrecognized entitlements, notably around milestone thresholds. Platinum 365 addresses this by deploying the Value Ledger to make entitlements visible and introducing the Progressive Milestone Ladder to replace the traditional cliff. Consequently, the member captures an expected recovery of INR 5,900 on milestone vouchers and INR 489 on concierge services, maximizing their annual spend of INR 1,826,584."
C03290,Global Traveller,Whale,35605,0,timing,"Member C03290 carries a total benefit gap of INR 35,605 against an annual spend of INR 3,561,377, driven predominantly by timing inefficiencies amounting to INR 22,605 alongside irrelevance of INR 6,600 and structural factors of INR 4,200. Platinum 365 addresses these friction points through Tab 3B RESIZE 50%, L2.1 Value Ledger alerts, and L2.2 Ladder rungs to capture an expected recovery of INR 7,643 on Fine Hotels & Resorts Credit, INR 4,009 on Unlimited Lounge Access, and INR 1,360 on Hotel Elite Status. This intervention unlocks a net value of INR 3,501 for the Fine Hotels & Resorts Credit, INR 3,185 for Unlimited Lounge Access, and INR 1,061 for Hotel Elite Status while fully aligning utilization with the member's Whale spend tier."
C19574,Digital Affluent,High,67203,0,friction,"Member C19574 carries a total benefit gap of INR 67,203, driven primarily by friction accounting for INR 47,900 of unrealized value. This underutilization stems from booking and redemption roadblocks, notably affecting the Fine Hotels & Resorts Credit. Platinum 365 addresses this through Tab 3B RESIZE 50 percent combined with the L2.1 Value Ledger surfaces the credit, systematically removing these operational barriers. Consequently, the member is positioned to recover INR 15,382 from this specific benefit, optimizing their high-spend tier potential."
C03000,Business Owner,Underused,69888,0,friction,"This Business Owner member with an annual spend of INR 854,608 is facing a total benefit gap of INR 69,888, primarily driven by INR 47,900 in friction and INR 12,588 in timing barriers. These root causes prevent effective utilization despite a high propensity for benefits like Unlimited Lounge Access at 0.94 and Hotel Elite Status at 0.727. Platinum 365 resolves these barriers through targeted interventions such as Tab 3B RESIZE 50% combined with L2.1 Value Ledger alerts, which recover INR 31,711 for the Fine Hotels & Resorts Credit. This structural realignment unlocks a net value of INR 26,364 and optimizes overall card utilization."
C16390,Global Traveller,Milestone,61569,0,friction,"Member C16390 is experiencing a total benefit gap of INR 61,569, primarily driven by friction amounting to INR 47,900 and timing factors totalling INR 6,755. This underutilization stems from procedural hurdles and misaligned timing rather than a lack of card engagement, given their annual spend of INR 1,666,210. Platinum 365 addresses these barriers through targeted interventions like the L2.1 Value Ledger and Tab 3B RESIZE to surface credits and streamline milestone tracking. Consequently, the member is positioned to recover expected value and optimize their rewards progression."
C27119,Domestic Executive,Milestone,32271,0,timing,"Member C27119 carries a total benefit gap of INR 32,271, driven primarily by timing friction of INR 14,371 and awareness deficits of INR 10,700. This underutilization stems from misaligned redemption cycles and undiscovered entitlements despite an annual spend of INR 2,175,018 and achieved milestone status. Platinum 365 addresses this through the Value Ledger and Progressive Milestone Ladder to surface hidden credits and smooth out milestone cliffs. Consequently, the member will capture missed value while optimizing their Domestic Executive portfolio returns."
C39204,Digital Affluent,Underused,78798,0,friction,"Cardmember C39204 has accumulated a total benefit gap of INR 78,798 across 34 months of card membership, driven primarily by friction of INR 44,300 and awareness gaps of INR 18,700. Underutilization stems from procedural friction on the Fine Hotels & Resorts Credit and a lack of visibility regarding entitlements such as Unlimited Lounge Access and Hotel Elite Status. Platinum 365 addresses these barriers through Tab 3B RESIZE 50% and the L2.1 Value Ledger to surface credits and make entitlements visible. This intervention recovers expected value including INR 13,304 from the Fine Hotels & Resorts Credit and INR 7,366 from Unlimited Lounge Access, unlocking the card's intended net worth for the member."
C07090,Domestic Executive,Milestone,32836,0,irrelevance,"Member C07090 is experiencing a total benefit gap of INR 32,836, primarily driven by irrelevance of INR 23,162 alongside structural and timing friction. This underutilization stems from a lack of alignment with high-propensity offerings like Unlimited Lounge Access and Renewal Vouchers @ Rs.20L. Platinum 365 deploys L2.1 Value Ledger alerts and L2.2 progressive milestone structures to dynamically time these redemptions and recover expected value. Consequently, the member captures unutilized entitlements seamlessly, bridging the existing shortfall without altering baseline spending habits."
C09231,Business Owner,Milestone,21330,0,timing,"The member has an unutilized benefit gap of Rs. 21,330, driven primarily by timing constraints accounting for Rs. 13,408 of the shortfall. This underutilization stems from misaligned transactional windows rather than a lack of product awareness or relevance. Platinum 365 addresses this through Value Ledger alerts and progressive milestone ladders to capture missed value. Implementing these interventions recovers expected value and secures upcoming milestone opportunities like the renewal vouchers at Rs. 20L."
C01842,Domestic Executive,Milestone,43446,0,timing,"This Domestic Executive account reflects a total benefit gap of Rs.43,446, primarily driven by timing frictions of Rs.24,446 alongside awareness gaps of Rs.8,200 and structural factors of Rs.4200. Underutilization stems from misaligned credit cycles and obscured entitlements rather than a lack of card engagement, given the annual spend of Rs.1,938,172 and milestone attainment. Platinum 365 deploys the L2.1 Value Ledger and structured nudges to surface high-propensity benefits like Unlimited Lounge Access and Renewal Vouchers @ Rs.20L. This alignment recovers expected value across key categories, positioning the member to capture full portfolio value as tenure reaches 45 months."
C19606,Business Owner,Milestone,18618,0,timing,"This Business Owner has left a total benefit gap of Rs.18,618, driven primarily by timing constraints of Rs.9,192 and awareness deficits of Rs.4,318. Platinum 365 addresses this through L2.1 Value Ledger alerts and M2 Culinary Access to eliminate enrolment friction and recover missed lifestyle value. Consequently, the member captures targeted savings on Hotel Elite Status and dining perks while closing in on renewal vouchers at Rs.20L."
C30644,Dormant Premium,Underused,57720,0,irrelevance,"Member C30644 exhibits an unrealised benefit gap of INR 57,720 against an annual spend of INR 783,283, driven primarily by irrelevance at INR 32,720 and awareness at INR 10,200. This under-utilisation stems from a lack of visibility into core entitlements rather than structural spending misalignment. Platinum 365 addresses this through the Value Ledger to surface high-propensity benefits like Unlimited Lounge Access and the Progressive Milestone Ladder to smooth reward pacing. Consequently, the member captures previously forfeited value, translating portfolio engagement into active card utilization."
C05406,Digital Affluent,Underused,38076,0,timing,"Cardmember C05406 exhibits a total benefit gap of INR 38076 against an annual spend of INR 975551, driven primarily by timing gaps of INR 21530 and awareness gaps of INR 13700. This underutilization stems from misaligned booking cycles and lack of visibility into entitlements such as Fine Hotels & Resorts and Hotel Elite Status. Platinum 365 addresses this through the L2.1 Value Ledger and Tab 3B RESIZE 50% to surface credits and make entitlements visible. This intervention will recover expected value across key lifestyle benefits, optimizing the overall card experience."
C00362,Global Traveller,High,66058,0,friction,"This member is experiencing an unutilised benefit gap of INR 66,058 against an annual spend of INR 3,425,609, driven primarily by operational friction accounting for INR 47,900. Platinum 365 addresses these roadblocks through targeted interventions including L2.1 Value Ledger alerts and L2.2 progressive milestone tracking to systematically capture missed value. This alignment recovers unutilised entitlements and secures high-propensity rewards like Unlimited Lounge Access and Hotel Elite Status."
C22478,Domestic Executive,Milestone,34581,0,timing,"Member C22478 is currently leaving INR 34,581 on the table, driven primarily by timing gaps of INR 15,240 and awareness gaps of INR 10,700. Platinum 365 addresses this through the Value Ledger and targeted resizing protocols to surface unrealized perks like Hotel Elite Status and Fine Hotels & Resorts credits. This intervention captures INR 11,422 in expected recovery value, optimizing their milestone tier benefits without adding operational friction."
C26305,Business Owner,Core,46105,0,timing,"This member is currently facing a total benefit gap of INR 46,105, driven primarily by timing constraints accounting for INR 36,284 of the unrealized value. The underlying root cause stems from delayed utilization windows rather than a lack of product fit, notably missing out on the Fine Hotels & Resorts Credit which represents the largest recovery opportunity. Platinum 365 addresses this through Tab 3B RESIZE 50% combined with L2.1 Value Ledger alerts to surface the credits proactively at the optimal moment. Consequently, the member recovers up to INR 15,826 in expected value from the primary nudge, transforming dormant card benefits into realized lifestyle returns."
C27417,Business Owner,Milestone,48389,0,timing,"Cardmember C27417 is currently experiencing a total benefit gap of INR 48,389, driven primarily by timing losses of INR 35,073 alongside awareness and friction factors. This underutilization stems from misaligned execution schedules rather than a lack of spend capacity, given the annual spend of INR 1,836,959 and milestone attainment over 17 months of tenure. Platinum 365 addresses this through the L2.1 Value Ledger and Tab 3B RESIZE 50% interventions to surface unredeemed entitlements like the Fine Hotels & Resorts Credit. This structural realignment recovers INR 18,662 from that specific benefit, systematically closing the overall value deficit for this Business Owner."
C16001,Digital Affluent,Milestone,66576,0,irrelevance,"This Digital Affluent member carries a total benefit gap of Rs.66,576, driven primarily by an irrelevance gap of Rs.60,776 alongside smaller friction and awareness deficits. Root cause analysis indicates that misaligned offerings and minor redemption hurdles prevent full engagement despite a milestone-attained spend of Rs.1,587,630. Platinum 365 addresses this through targeted interventions like M2 Culinary Access and L2.1 Value Ledger to streamline redemption and expose hidden value. This ensures the member captures projected recoveries and optimizes their overall card utility."
C08848,Domestic Executive,Milestone,61537,0,friction,"This domestic executive with eight months of tenure has incurred a total benefit gap of Rs.61,537 despite achieving their spend milestone on an annual spend of Rs.1,818,356. The shortfall is primarily driven by operational friction accounting for Rs.47,900, alongside awareness and timing gaps of Rs.8,200 and Rs.5,328 respectively. To resolve this, Platinum 365 deploys a resized Fine Hotels & Resorts credit workflow, the L2.1 Value Ledger for entitlement visibility, and the L2.2 Progressive Milestone Ladder to replace the milestone cliff. This intervention directly recovers up to Rs.36,406 in expected value, closing the utilization deficit and optimizing the member's core portfolio benefits."
C07580,Digital Affluent,High,67511,0,friction,"Member C07580 is experiencing an unutilised benefit gap of INR 67,511, driven primarily by operational friction accounting for INR 44,300 of the total shortfall. This underutilization stems from structural hurdles in accessing key entitlements like the Fine Hotels & Resorts Credit. Platinum 365 addresses this through Tab 3B RESIZE 50% combined with the L2.1 Value Ledger to surface the credit and streamline redemption. Consequently, the member will recover INR 15,904 in expected value, transforming dormant card benefits into realized portfolio returns."
C35260,Dormant Premium,Core,36716,0,irrelevance,"This Dormant Premium member with 75 months of tenure and an annual spend of INR 15,04,559 is leaving INR 36,716 in total benefit value on the table, driven primarily by an irrelevance gap of INR 24,338 alongside timing and friction constraints. The underutilization stems from a mismatch in benefit alignment and timing hurdles, most notably missing the milestone threshold where the Rs.20L renewal vouchers are locked behind a cliff. Platinum 365 addresses this through the L2.2 Progressive Milestone Ladder to replace the cliff, M2 Culinary Access to remove the enrolment gate, and L2.1 Value Ledger alerts. Consequently, the member unlocks recoverable value—including INR 504 from timing adjustments and INR 555 from friction removal—transforming dormant cardmembership into active portfolio engagement."
C16162,Global Traveller,High,65038,0,friction,"The member exhibits a total benefit gap of Rs.65,038, driven primarily by friction at Rs.47,900 alongside timing and structural causes. This under-utilisation stems from missed timing windows across high-propensity offerings such as Unlimited Lounge Access and Renewal Vouchers at Rs.20L. Platinum 365 addresses this through L2.1 Value Ledger alerts and L2.2 progressive milestone ladder interventions to recover targeted value. Consequently, the member captures unutilised value, specifically recovering expected amounts such as Rs.3,729 through hotel elite status alignment."
C30400,Business Owner,Core,47435,0,timing,"Cardmember C30400 is experiencing a total benefit gap of INR 47,435, primarily driven by timing issues accounting for INR 33,440 of unrealized value. This underutilization stems from misaligned execution windows rather than a lack of card engagement, given their annual spend of INR 1,176,488. Platinum 365 addresses this through targeted interventions like Tab 3B RESIZE and Value Ledger alerts to realign high-propensity privileges such as the Fine Hotels & Resorts Credit. This intervention recovers up to INR 11,937 on that specific benefit, systematically closing the gap and securing full value realization for the member."
C07630,Global Traveller,Whale,44156,0,timing,"Member C07630 is currently experiencing a total benefit gap of INR 44,156 against an annual spend of INR 4,551,718. This underutilization is primarily driven by timing issues accounting for INR 31,667, alongside irrelevance of INR 6,600 and awareness gaps of INR 4,700. Platinum 365 addresses this through targeted value ledger alerts and ladder rungs designed to capture high-propensity opportunities like Unlimited Lounge Access and Hotel Elite Status. Implementing these interventions will recover unrealized value, optimizing the card's net benefit return for this Whale tier traveller."
C14920,Business Owner,Whale,24315,0,timing,"Cardmember C14920 is currently experiencing a total benefit gap of INR 24,315, primarily driven by timing issues amounting to INR 12,410. Platinum 365 addresses this through L2.1 Value Ledger alerts and L2.2 Ladder rungs to streamline the redemption timeline for high-propensity rewards like Hotel Elite Status and Renewal Vouchers. This intervention resolves the structural delays, allowing the member to capture missed value efficiently and optimize their Rs. 4,817,356 annual spend."
C10677,Domestic Executive,Milestone,66753,0,friction,"The cardholder is leaving a total benefit gap of INR 66,753 on the table despite achieving milestone status with an annual spend of INR 2,053,994. This underutilization is primarily driven by operational friction accounting for INR 44,300 of the gap, alongside awareness and irrelevance deficits. Platinum 365 addresses this through Tab 3B RESIZE 50% combined with the L2.1 Value Ledger to surface credits and make entitlements visible. This intervention resolves structural hurdles to secure expected recovery, ensuring the member captures the full value of their domestic executive tier."
C01131,Business Owner,Underused,45156,0,timing,"This Business Owner member is experiencing a total benefit gap of INR 45,156 with an annual spend of INR 975,898 across 109 months of tenure. The shortfall is primarily driven by timing constraints accounting for INR 34,628 of uncaptured value. Platinum 365 addresses this through Value Ledger alerts and Ladder rungs to streamline benefit utilization. This intervention ensures timely engagement with high-propensity offerings like Unlimited Lounge Access, capturing latent card value."
C22184,Domestic Executive,Milestone,63351,0,friction,"The Domestic Executive member leaves INR 63,351 in unutilised annual benefits despite generating INR 1,842,744 in spend over six months. This leakage is driven primarily by operational friction accounting for INR 47,900, alongside awareness and timing gaps of INR 6,000 and INR 4,721 respectively. Platinum 365 addresses these barriers through targeted value ledger surfaces and structured ladder rungs designed to capture high-propensity rewards like Fine Hotels & Resorts credits. Consequently, the member unlocks full entitlement value, directly closing the benefit gap and accelerating progress toward the INR 20L renewal voucher milestone."
C36996,Business Owner,Underused,37944,0,timing,"Cardmember C36996 is experiencing a total benefit gap of INR 37,944, driven primarily by timing constraints accounting for INR 27,144 of the unrealised value. This underutilisation stems from missed activation windows for high-propensity privileges like Unlimited Lounge Access and Hotel Elite Status. Platinum 365 addresses this through targeted Value Ledger alerts and Ladder rungs to streamline redemption timing. Consequently, the cardmember will capture an expected recovery of INR 2,860 in hotel benefits and INR 2,537 in lounge access, bridging the engagement deficit."
C06081,Domestic Executive,Milestone,41228,0,timing,"The member carries an unutilised benefit gap of INR 41,228 against an annual spend of INR 1,874,904, driven primarily by timing factors amounting to INR 28,228 alongside structural and friction causes. This under-utilisation stems from delayed credit activation and enrollment barriers rather than a lack of engagement, as evidenced by their milestone attainment over 46 months. Platinum 365 addresses this through the L2.1 Value Ledger and targeted interventions like Tab 3B resizing and Culinary Access to systematically surface missed opportunities. Consequently, the member recovers up to INR 11,096 via the Fine Hotels & Resorts Credit while capturing net value across high-propensity rewards."
C30064,Domestic Executive,Milestone,67506,0,friction,"Member C30064 is experiencing a total benefit gap of INR 67,506, driven primarily by friction amounting to INR 44,300, alongside timing and irrelevance gaps of INR 7,706 and INR 6,600 respectively. This underutilization stems predominantly from operational hurdles in accessing the Fine Hotels & Resorts Credit and misaligned timing for hotel and milestone benefits. Platinum 365 addresses this through targeted UI interventions like Tab 3B RESIZE 50% combined with L2.1 Value Ledger alerts and the L2.2 Progressive Milestone Ladder to streamline redemption. Consequently, the member is positioned to recover an expected value of INR 33,515 across these key benefit categories."
C26898,Global Traveller,Core,25619,0,timing,"Member C26898 is experiencing a total benefit gap of INR 25,619, driven primarily by timing at INR 12,631, awareness at INR 4,700, and friction at INR 3,600. This underutilization stems from misaligned redemption windows, lack of visibility into entitlements, and enrolment barriers on high-propensity offerings like Unlimited Lounge Access. Platinum 365 addresses these gaps through targeted interventions including L2.1 Value Ledger alerts, L2.2 Ladder rungs, and M2 Culinary Access to streamline redemption. This realignment captures the expected recovery across dining and lounge benefits, securing tangible value for the member."
C06380,Global Traveller,Whale,46018,0,timing,"Cardmember C06380 is currently experiencing a total benefit gap of INR 46,018, primarily driven by timing issues amounting to INR 30,518 alongside smaller awareness and irrelevance gaps. This underutilization stems from misaligned activation windows rather than lack of engagement, given their annual spend of INR 3,581,380 and milestone attainment. Platinum 365 addresses this through L2.1 Value Ledger alerts and L2.2 Ladder rungs to synchronize benefit usage with key travel and dining moments. This intervention ensures the member fully captures high-propensity entitlements like Hotel Elite Status and Unlimited Lounge Access without leaving value on the table."
C28724,Global Traveller,Milestone,36187,0,timing,"The member is currently experiencing a total benefit gap of Rs.36,187 against an annual spend of Rs.2,181,818. This underutilization is primarily driven by timing losses of Rs.17,187, awareness gaps of Rs.8,200, and structural hurdles of Rs.4,200. Platinum 365 addresses this through targeted value ledger alerts and entitlement visibility tools to capture missed recoveries like the Hotel Elite Status and Taj Epicure discount. Consequently, the member unlocks their full portfolio value while maintaining milestone-tier status over their 38-month tenure."
C29755,Domestic Executive,Core,49507,0,timing,"The member currently faces a total benefit gap of INR 49,507 against an annual spend of INR 1,175,991, primarily driven by timing constraints amounting to INR 31,530 alongside awareness gaps of INR 8,200. This underutilization stems from misaligned redemption windows and a lack of visibility into entitlements, specifically for high-propensity offerings like the Fine Hotels & Resorts Credit and Hotel Elite Status. Platinum 365 addresses this through targeted Value Ledger alerts and structured intervention tiers designed to recover INR 14,915 from the Fine Hotels & Resorts Credit alone. Consequently, the cardmember unlocks previously unrealized value, optimizing their core tier spend and bridging the identified benefit gaps."
C32189,Global Traveller,Underused,39874,0,timing,"Member C32189 is currently experiencing a total benefit gap of INR 39,874, driven primarily by timing shortfalls of INR 20,874 and awareness deficits of INR 8,200. This underutilization stems from delayed execution and a lack of visibility into available entitlements, preventing the member from capturing their full portfolio value. To address this, the Platinum 365 framework deploys the L2.1 Value Ledger to make entitlements visible alongside automated timing alerts to capture high-propensity travel rewards. Implementing these targeted interventions will recover up to INR 5,006 through enhanced benefit awareness and secure net value gains across upcoming luxury travel bookings."
C37793,Business Owner,Core,72731,0,friction,"Member C37793 is currently experiencing a total benefit gap of INR 72,731 against an annual spend of INR 1,390,137, driven primarily by friction amounting to INR 47,900 and timing factors totaling INR 15,431. This underutilization stems from booking obstacles and missed calendar alignment rather than a lack of engagement, specifically affecting high-propensity privileges like the Fine Hotels & Resorts Credit. Platinum 365 addresses this through targeted interventions including Tab 3B RESIZE 50% combined with L2.1 Value Ledger surfaces and L2.2 Ladder rungs to streamline redemption and alert timing. Consequently, the member is projected to recover INR 32,282 through the FHR credit alone, unlocking an expected net value of 26,839 on that benefit to optimize their card membership."
C01953,Business Owner,Milestone,24844,0,awareness,"The member missed out on a total benefit gap of INR 24,844, driven primarily by awareness at INR 13,700 and timing at INR 7,162. This underutilization stems from a lack of visibility into entitlements such as Hotel Elite Status and Taj Epicure 25% Discount, alongside mistimed lounge usage. Platinum 365 addresses this through the L2.1 Value Ledger to make entitlements visible and provide timely alerts. Implementing these interventions recovers value, optimizing their milestone spend tier benefits."
C21199,Global Traveller,High,64702,0,friction,"The member carries an uncaptured benefit gap of Rs.64,702, driven primarily by friction of Rs.47,900 alongside timing and awareness constraints. This underperformance stems from structural obstacles that delay redemption, leaving high-propensity privileges like Unlimited Lounge Access and Renewal Vouchers unutilized despite an annual spend of Rs.2,661,075. Platinum 365 deploys targeted Value Ledger alerts and a Progressive Milestone Ladder to systematically eliminate these execution barriers. This intervention enables the recovery of trapped value, ensuring the member fully captures their entitled rewards."
C19961,Digital Affluent,Core,75831,0,friction,"The member is currently experiencing a total benefit gap of INR 75,831 against an annual spend of INR 1,378,824, driven primarily by friction amounting to INR 44,300 and irrelevance of INR 14,600. This underutilization stems from procedural hurdles and entitlement visibility issues that prevent effective engagement with core offerings like the Fine Hotels & Resorts Credit. Platinum 365 addresses this through targeted resizing and the L2.1 Value Ledger to surface unrealized credits and streamline redemption processes. Resolving these barriers will unlock expected recoveries and optimize the member's overall portfolio value."
C35391,Domestic Executive,Milestone,41464,0,timing,"The member exhibits a total benefit gap of INR 41,464 against an annual spend of INR 2,205,446, driven primarily by timing-related shortfalls of INR 22,464 and awareness deficits of INR 8,200. This underutilization stems from unaligned redemption cycles and lack of visibility into entitlements such as the Fine Hotels & Resorts Credit and Hotel Elite Status. Platinum 365 addresses this through the L2.1 Value Ledger and Tab 3B RESIZE interventions to surface hidden credits and align usage with key milestones. Consequently, the member recovers up to INR 9,933 in expected value, optimizing their card utility."
C11191,Digital Affluent,Underused,48405,0,timing,"Member C11191 is currently leaving INR 48,405 in total annual benefits unclaimed despite a tenure of 78 months and INR 8,56,934 in annual spend. This underutilization is primarily driven by timing constraints, which account for INR 35,105 of the gap, alongside structural and friction factors contributing INR 4,200 and INR 3,600 respectively. Platinum 365 addresses these specific barriers through targeted interventions such as the Value Ledger surfacing the Fine Hotels & Resorts credit and L2.2 ladder rungs. Consequently, this recovery process will capture up to INR 8,101 in expected value from the Fine Hotels & Resorts credit alone, optimizing their card utility."
C27728,Digital Affluent,Core,72078,0,friction,"Cardmember C27728 is currently experiencing a total benefit gap of INR 72,078 against an annual spend of INR 1,328,562, driven primarily by operational friction accounting for INR 47,900 of the shortfall. This underutilization stems from booking and redemption hurdles that obscure high-propensity privileges like the Fine Hotels & Resorts Credit. Platinum 365 addresses this through targeted interface interventions and the L2.1 Value Ledger to systematically surface hidden entitlements and eliminate these process barriers. By executing these recommended nudges, the member will recover INR 13,277 specifically from the FHR credit, capturing immediate net value from their card membership."
C28187,Global Traveller,High,30843,0,timing,"Cardmember C28187 is leaving a total benefit gap of INR 30843 unutilized, primarily driven by timing issues amounting to INR 20208 out of the total shortfall. Platinum 365 addresses this through L2.1 Value Ledger alerts and L2.2 Ladder rungs to bridge the timing friction on high-propensity privileges like Unlimited Lounge Access. This intervention ensures the member fully captures their entitled value without missing redemption windows."
C02925,Global Traveller,Milestone,34221,0,timing,"This Global Traveller member exhibits a total benefit gap of INR 34,221, driven primarily by timing losses of INR 17,160 and awareness gaps of INR 8,500. Underutilization stems from entitlement visibility issues and enrollment friction rather than a lack of card engagement, given their annual spend of INR 1,897,853 and milestone attainment. Platinum 365 addresses this through the L2.1 Value Ledger to make entitlements visible and M2 Culinary Access to remove enrolment gates. This intervention recovers high-propensity benefits like Hotel Elite Status and Taj Epicure, capturing missed value."
C39940,Global Traveller,Milestone,41414,0,timing,"Cardmember C39940 leaves a total benefit gap of INR 41,414 unutilized, with timing friction driving INR 33,863 of this shortfall. Platinum 365 addresses this through L2.1 Value Ledger alerts and L2.2 Ladder rungs to align benefit activation with the member's travel schedule. This intervention ensures timely realization of high-propensity privileges like Hotel Elite Status and Unlimited Lounge Access."
C23332,Global Traveller,High,46533,0,timing,"The cardholder exhibits a total benefit gap of INR 46,533 against an annual spend of INR 2,528,401, driven primarily by timing constraints accounting for INR 37,023 of the uncaptured value. Platinum 365 addresses this through value ledger alerts and progressive milestone ladders to align redemption windows with travel schedules. This intervention recovers unutilized value across high-propensity privileges such as unlimited lounge access and hotel elite status, optimizing overall portfolio return."
